Полное наименование	Группа	Вид контрагента	ИНН	Имя досье
				
		Юридическое лицо	7734725684	
	Поставщики	Юридическое лицо		
	Поставщики	Юридическое лицо	7717739687	
	Поставщики	Юридическое лицо	7718542411	
	Поставщики	Юридическое лицо	773401814574	
 Индивидуальный предприниматель Егоров Павел Андреевич		Физическое лицо	771682713906	
 Индивидуальный предприниматель Кустаров Павел Викторович		Физическое лицо	231134569638	
 ИП Лоцманов Иван Эдуардович		Физическое лицо	760708530475	
*Торговый дом Северо-западный	Поставщики	Юридическое лицо	7825444144	
АГРОПЛАСТКОМ		Юридическое лицо	7104519918	
Активные технологии	Покупатели	Юридическое лицо	7705898788	
Акционерное Общество  "ДЕЛОВЫЕ ЛИНИИ"	Поставщики	Юридическое лицо	7730534174	
Акционерное Общество "АРМО-ГРУПП"	Покупатели	Юридическое лицо	7715216850	
Акционерное общество "ТРАНСКЕМИКЛ-экспресс"	Поставщики	Юридическое лицо	5005041909	
Альфа-Банк	Поставщики	Юридическое лицо		
АНО ДПО "ИПТСУ"		Юридическое лицо	7723390027	
АНО ДПО УЧЕБНЫЙ ЦЕНТР "ПРОМСТРОЙГАЗ"	Поставщики	Юридическое лицо	5406590536	
АО "АКВИЛОН"	Поставщики	Юридическое лицо	5190086468	Досье_АКВИЛОН АО.pdf
АО "АЛЬФА-БАНК"		Юридическое лицо	7728168971	
АО "АльфаСтрахование"		Юридическое лицо	7713056834	
АО "ГИЦ ПВ"		Юридическое лицо	7729634008	
АО "ГМС ЛИВГИДРОМАШ"	Поставщики	Юридическое лицо	5702000265	
АО "Молодинское"		Юридическое лицо	5048081617	
АО "МОСОБЛЭНЕРГО"		Юридическое лицо	5032137342	
АО "НОВОЕ КАЧЕСТВО ДОРОГ"	Поставщики	Юридическое лицо	7726404976	Досье_НОВОЕ КАЧЕСТВО ДОРОГ АО.pdf
АО "ОКТЕКС"		Юридическое лицо	5027070068	
АО "Первый"		Юридическое лицо	3812107585	
АО "ПФ "СКБ КОНТУР"	Поставщики	Юридическое лицо	6663003127	
АО "Райффайзенбанк" г. Москва		Юридическое лицо	7744000302	
АО "Раменский водоканал"		Юридическое лицо	5040109194	
АО "РОЛЬФ"	Поставщики	Юридическое лицо	5047254063	Досье_РОЛЬФ АО.pdf
АО "СИТИ-XXI ВЕК"	Покупатели	Юридическое лицо	7709231603	
АО "СПЕЦИАЛИЗИРОВАННЫЙ ЗАСТРОЙЩИК "ЭЛИТГРАД"	Покупатели	Юридическое лицо	7722458392	Досье_СПЕЦИАЛИЗИРОВАННЫЙ ЗАСТРОЙЩИК ЭЛИТГРАД АО.pdf
АО "ТД ТРАКТ"	Поставщики	Юридическое лицо	7723627621	
АО "ТЕЛЕОФИС"	Поставщики	Юридическое лицо	7726593280	Досье_ТЕЛЕОФИС АО.pdf
АО "ТРИЕМА"	Поставщики	Юридическое лицо	3662103003	
АО "ЦРЭ"	Поставщики	Юридическое лицо	5034031535	
АО "Элевел Инженер"		Юридическое лицо	5001112612	
АО "ЭФФЕКТ-ЭКО"	Поставщики	Юридическое лицо	5036032051	
АО СМФ "ВЕСТ-ВЕСТ"		Юридическое лицо	2315070767	Досье_ВЕСТ-ВЕСТ АО СМФ.pdf
АО ЦНИИС	Поставщики	Юридическое лицо	7716007031	
АС "ПОМОЩЬ"	Поставщики	Юридическое лицо	9703013602	Досье_ПОМОЩЬ АС.pdf
АС "УК "СтройИнвест"		Юридическое лицо	7811290085	
АС КАДАСТРОВЫХ ИНЖЕНЕРОВ "СТРОЙПАРТНЕР"	Поставщики	Юридическое лицо	7811608057	
Бадалян Арман Рафикович	Поставщики	Физическое лицо		
Бокоева Алина Мамиконовна	Поставщики	Физическое лицо	772479357730	
Болотсков Игорь Викторович	Поставщики	Физическое лицо	694400896921	Досье_СЗ Болотсков Игорь Викторович.pdf
ВЕЛЕС-СТРОЙ		Юридическое лицо	7703823882	
Войтенко Андрей Дмитриевич		Физическое лицо		
ВОЙТЕНКО АНДРЕЙ ДМИТРИЕВИЧ (ИП)		Физическое лицо	402809497006	
Войтенко Владимир Андреевич	Поставщики	Физическое лицо	402809651314	Досье_СЗ Войтенко Владимир Андреевич.pdf
Воробьёв Юрий Михайлович	Поставщики	Физическое лицо	666402518126	Досье_СЗ Воробьёв Юрий Михайлович.pdf
ВЫМПЕЛКОМ	Поставщики	Юридическое лицо	7713076301	
Гарейс Александр Иванович	Поставщики	Физическое лицо	553001483513	Досье_СЗ Гарейс Александр Иванович.pdf
Геликон-Эппл	Поставщики	Юридическое лицо	7716196741	
ГКУ ЦФО ДОНМ	Государственные органы	Юридическое лицо	9718071371	
Горшков Семен Валерьевич	Поставщики	Физическое лицо	210201330353	
Грузовое такси "ГАЗЕЛЬКИН"		Юридическое лицо	7839382402	
ДНП "НИКОЛЬСКИЕ ОЗЕРА"	Покупатели	Юридическое лицо	7730697796	
ДОЛГОПОЛОВА ЮЛИЯ ВЛАДИСЛАВОВНА	Поставщики	Физическое лицо	511006499490	Досье_СЗ ДОЛГОПОЛОВА ЮЛИЯ ВЛАДИСЛАВОВНА.pdf
Духанов Евгений Олегович Самозанятый		Физическое лицо		
ЕЛИСЕЕВА АЛЛА АНАТОЛЬЕВНА		Физическое лицо		
Ермаков Дмитрий Владимирович	Поставщики	Физическое лицо	772773666050	Досье_СЗ Ермаков Дмитрий Владимирович.pdf
Закрытое акционерное общество "РОСМА"	Поставщики	Юридическое лицо	4719015564	
ЗАО "ГИДРОРЕМСТРОЙ"		Юридическое лицо	5030043032	
ЗАО "ДСК-СТОЛИЦА"	Поставщики	Юридическое лицо	7721823772	
ЗАО "МПО Электромонтаж"	Поставщики	Юридическое лицо	7719079370	
ЗАО "СВЯЗЬСТРОЙДЕТАЛЬ"	Поставщики	Юридическое лицо	7723005557	
ЗАО "ТД Доминик"		Юридическое лицо	7715994096	
ЗАО "ЧИП и ДИП"		Юридическое лицо	7729108750	
ЗАО МОСИНТЕРМ		Юридическое лицо	5006008848	
Иванов Владимир Александрович ИП	Проблемные поставщики	Физическое лицо	370250933122	
Иванов Павел Николаевич		Физическое лицо		
Индивидуальный предприниматель Авакян Масис Камоевич		Физическое лицо	502920122286	
Индивидуальный предприниматель Агаронян Артур Жораевич		Физическое лицо	773322903648	
Индивидуальный предприниматель Акбашев Наиль Мухаметович		Физическое лицо	772465061081	
Индивидуальный предприниматель Балабанов Игорь Александрович		Физическое лицо	402571421086	
Индивидуальный предприниматель Бобров Антон Васильевич		Физическое лицо	500709943016	
Индивидуальный предприниматель Большедворский Олег Владимирович	Поставщики	Физическое лицо	505014077447	Досье_ИП Большедворский Олег Владимирович.pdf
Индивидуальный предприниматель Воронко Алексей Александрович		Физическое лицо	502716837301	
Индивидуальный предприниматель Горенков Даниил Владимирович		Физическое лицо	772374219236	
Индивидуальный предприниматель Данилович Дмитрий Александрович	Поставщики	Физическое лицо	772700568692	
Индивидуальный предприниматель Дубовик А.Ю.	Поставщики	Физическое лицо	503219460174	
Индивидуальный предприниматель Еремеева Ирина Владимировна		Физическое лицо	771373353572	
Индивидуальный предприниматель Ильина Ирина Владимировна	Поставщики	Физическое лицо	740501016550	Досье_ИП Ильина Ирина Владимировна.pdf
Индивидуальный предприниматель Ковач Сергей Иванович	Поставщики	Физическое лицо	692301852944	Досье_ИП Ковач Сергей Иванович.pdf
Индивидуальный предприниматель Колпаков Андрей Евгеньевич		Физическое лицо	667330377556	
Индивидуальный предприниматель Коробков Дмитрий Александрович	Поставщики	Физическое лицо	463302433823	
Индивидуальный предприниматель Коровай Артем Олегович	Поставщики	Физическое лицо	421713987900	Досье_ИП Коровай Артем Олегович.pdf
Индивидуальный предприниматель Левин Андрей Владимирович		Физическое лицо	910200382277	
Индивидуальный предприниматель Мартынов Сергей Валентинович	Поставщики	Физическое лицо	502700458308	Досье_ИП Мартынов Сергей Валентинович.pdf
Индивидуальный предприниматель Петракова Анна Сергеевна		Физическое лицо	503008450321	
Индивидуальный предприниматель Севостьянова Юлия Алексеевна	Поставщики	Физическое лицо	503121120157	Досье_ИП Севостьянова Юлия Алексеевна.pdf
Индивидуальный предприниматель Семирядов Александр		Физическое лицо	672211608787	
Индивидуальный предприниматель Сидоров Роман Юрьевич		Физическое лицо	501210128919	
Индивидуальный предприниматель Тахири Юлия	Поставщики	Физическое лицо	502750020044	Досье_ИП Тахири Юлия.pdf
Индивидуальный предприниматель Толстобров Станислав Олегович	Поставщики	Физическое лицо	434581265030	Досье_ИП Толстобров Станислав Олегович.pdf
Индивидуальный предприниматель Ушлик Олег Анатольевич		Физическое лицо	772501342203	
Индивидуальный предприниматель Хисамутдинов Рустам Асиятуллаевич		Физическое лицо	564303508748	Досье_ИП Хисамутдинов Рустам Асиятуллаевич.pdf
Индивидуальный предприниматель Христолюбов Виктор Николаевич		Физическое лицо	312335702440	
Индивидуальный предприниматель Штукин Андрей Алексеевич		Физическое лицо	773573154120	Досье_ИП Штукин Андрей Алексеевич.pdf
Индивидуальный Предприниматель Шуляев Алексей Николаевич		Физическое лицо	772505498804	
Инспекция Федеральной налоговой службы № 16 по г. Москве	Государственные органы	Юридическое лицо	7716103458	
Инспекция Федеральной налоговой службы № 17 по г.Москве		Юридическое лицо	7717018935	
ИП "Каплунов Андрей Вячеславович"		Физическое лицо	772003662899	
ИП Абдразакова Сания Минтагировна	Покупатели	Физическое лицо	502500284661	Досье_ИП Абдразакова Сания Минтагировна.pdf
ИП Аболимова Раиса Николаевна	Поставщики	Физическое лицо	772441692708	
ИП Аверюшкин Эдуард Станиславович	Поставщики	Физическое лицо	772026946872	Досье_ИП Аверюшкин Эдуард Станиславович.pdf
ИП Айнетдинов Тимур Ренатович	Поставщики	Физическое лицо	503809997973	Досье_ИП Айнетдинов Тимур Ренатович.pdf
ИП Алексашин Никита Денисович	Поставщики	Физическое лицо	770307116190	
ИП Амоншоев Шавкат Аскаршохевич	Поставщики	Физическое лицо	775111582999	
ИП Антонова Виктория Викторовна		Физическое лицо	504407429436	
ИП Афанасьев Алексей Анатольевич	Поставщики	Физическое лицо	772978322691	Досье_ИП Афанасьев Алексей Анатольевич.pdf
ИП Афонин Николай Николаевич	Поставщики	Физическое лицо	500701970956	Досье_ИП Афонин Николай Николаевич.pdf
ИП Ахмадиев Гали Рифкатович	Поставщики	Физическое лицо	772321852533	Досье_ИП Ахмадиев Гали Рифкатович.pdf
ИП Баранов Александр Викторович		Физическое лицо	710602761375	
ИП Беленко Анатолий Александрович		Физическое лицо	772452113102	
ИП Беленко Максим Анатольевич		Физическое лицо	500308361613	
ИП Беликов Владимир Николаевич	Поставщики	Физическое лицо	505602192380	Досье_ИП Беликов Владимир Николаевич.pdf
ИП Блануца Александр Николаевич	Поставщики	Физическое лицо	470500453974	
ИП Бобрышев Олег Александрович	Поставщики	Физическое лицо	614445490007	Досье_ИП Бобрышев Олег Александрович.pdf
ИП Брянка Константин Ярославович	Поставщики	Физическое лицо	772633760648	
ИП Буров Михаил Андреевич		Физическое лицо	360409656221	
ИП Варакс Юрий Викторович	Поставщики	Физическое лицо	770604649507	Досье_ИП Варакс Юрий Викторович.pdf
ИП Веселова Дарья Михайловна	Поставщики	Физическое лицо	773137398550	Досье_ИП Веселова Дарья Михайловна.pdf
ИП Винникова Елена Викторовна	Поставщики	Физическое лицо	440503425493	
ИП Власов Иван Александрович	Поставщики	Физическое лицо	502411721359	
ИП Галстян Вагаршак Артурович	Поставщики	Физическое лицо	972101036373	Досье_ИП Галстян Вагаршак Артурович.pdf
ИП Гафаров Р.		Физическое лицо	773613031776	
ИП Гончарова Елена Владимировна		Физическое лицо	501815631317	
ИП Гребенников Евгений Сергеевич	Поставщики	Физическое лицо	243905952877	
ИП Гречуха Алексей Николаевич		Физическое лицо	773433099302	
ИП Грошев Александр Николаевич		Физическое лицо	771665041901	
ИП Гудинова Наталья Николаевна	Поставщики	Физическое лицо	301803754213	
ИП Гурин Михаил Валерьевич	Поставщики	Физическое лицо	332103681306	
ИП Девлетова Э. И.		Физическое лицо	330646542904	
ИП Децик Владимир Ильич	Поставщики	Физическое лицо	500313123614	Досье_ИП Децик Владимир Ильич .pdf
ИП Дроботова Екатерина Александровна	Поставщики	Физическое лицо	540302059105	Досье_ИП Дроботова Екатерина Александровна.pdf
ИП Дубинин Игорь Владимирович	Поставщики	Физическое лицо	772351374027	Досье_ИП Дубинин Игорь Владимирович.pdf
ИП Духанов Евгений Олегович	Поставщики	Физическое лицо	504401583907	
ИП Дюмин Юрий Алексеевич	Поставщики	Физическое лицо	390600178150	
ИП Ермошин Валерий Викторович	Поставщики	Физическое лицо	503002498581	Досье_ИП Ермошин Валерий Викторович.pdf
ИП Журкина Светлана Леонидовна		Физическое лицо	500104675266	
ИП Жучкова Светлана Васильевна	Поставщики	Физическое лицо	500708067599	
ИП Зенова Галина Петровна		Физическое лицо	505000819480	
ИП Зибарев Арсений Евгеньевич	Поставщики	Физическое лицо	910228034343	
ИП Зоммер Марина Евгеньевна	Поставщики	Физическое лицо	616132598609	Досье_ИП Зоммер Марина Евгеньевна.pdf
ИП Зотов Алексей Николаевич		Физическое лицо	575404564803	
ИП Зубарева Вероника Александровна	Поставщики	Физическое лицо	231406386023	
ИП Иджаз Анас Ахмадович		Физическое лицо	504226885885	
ИП Иевлев Александр Дмитриевич	Поставщики	Физическое лицо	501811327524	Досье_ИП Иевлев Александр Дмитриевич.pdf
ИП Израилев Дмитрий Максимович	Поставщики	Физическое лицо	431207454309	
ИП Казаков Сергей Юрьевич	Поставщики	Физическое лицо	772313260854	
ИП Кирпичёв Александр Витальевич	Поставщики	Физическое лицо	500603856211	Досье_ИП Кирпичёв Александр Витальевич.pdf
ИП Кирчу Федор Гаврилович	Поставщики	Физическое лицо	972700206578	Досье_ИП Кирчу Федор Гаврилович.pdf
ИП Кисель Алексей Иванович	Поставщики	Физическое лицо	780534789536	Досье_ИП Кисель Алексей Иванович.pdf
ИП Князева Наталья Николаевна	Поставщики	Физическое лицо	507401508101	
ИП Ковальчук Д.И.		Физическое лицо	501215011625	
ИП Козлов Виктор Иванович	Поставщики	Физическое лицо	504400252483	Досье_ИП Козлов Виктор Иванович.pdf
ИП Койро Кирилл Викторович	Поставщики	Физическое лицо	390706202438	Досье_ИП Койро Кирилл Викторович.pdf
ИП Колганов Александр Николаевич	Поставщики	Физическое лицо	771305227033	
ИП Колотов Константин Александрович	Поставщики	Физическое лицо	502717498852	
ИП Колупаев Дмитрий Владимирович	Поставщики	Физическое лицо	504405376235	
ИП Колупаев Олег Витальевич	Поставщики	Физическое лицо	503228937135	Досье_ИП Колупаев Олег Витальевич .pdf
ИП Комнатный В. А.	Поставщики	Физическое лицо	010515701130	Досье_ИП Комнатный В. А..pdf
ИП Кореньков Павел Алексеевич	Поставщики	Физическое лицо	631219714275	
ИП Коробков Александр Александрович	Поставщики	Физическое лицо	463302433502	
ИП Коробкова Анна Андреевна	Поставщики	Физическое лицо	301726031200	Досье_ИП Коробкова Анна Андреевна.pdf
ИП Коротаева Валентина Юрьевна	Поставщики	Физическое лицо	691007614693	
ИП Коток Юрьевна		Физическое лицо	774314460835	
ИП Крылов Андрей Николаевич		Физическое лицо	662913261628	
ИП Кудрик Евгений Борисович	Поставщики	Физическое лицо	450126601972	Досье_ИП Кудрик Евгений Борисович.pdf
ИП Кульбацкий Владимир Олегович	Поставщики	Физическое лицо	860221952424	Досье_ИП Кульбацкий Владимир Олегович.pdf
ИП Курдов Роман Арсланович	Поставщики	Физическое лицо	507902326102	
ИП Кухарчук Василий Михайлович		Физическое лицо	781414707910	
ИП Лазарев Виталий Валерьевич	Поставщики	Физическое лицо	272191189157	Досье_ИП Лазарев Виталий Валерьевич.pdf
ИП Левина Дарья Владимировна	Поставщики	Физическое лицо	482418037989	Досье_ИП Левина Дарья Владимировна.pdf
ИП Лесничий Яков Васильевич	Поставщики	Физическое лицо	231302744108	Досье_ИП Лесничий Яков Васильевич.pdf
ИП Литвинова Виктория Викторовна	Поставщики	Физическое лицо	615429335430	Досье_ИП Литвинова Виктория Викторовна.pdf
ИП Лихачев Вячеслав Адольфович	Поставщики	Физическое лицо	780512029740	
ИП Лопанов Вячеслав Владимирович	Поставщики	Физическое лицо	503007732115	Досье_ИП Лопанов Вячеслав Владимирович.pdf
ИП Майструк Марина Алексеевна		Физическое лицо	501707111303	
ИП Макаров Игорь Петрович		Физическое лицо	780405684623	
ИП Маматохунов Жахонгирбек Ниязович		Физическое лицо	504215338707	
ИП Марданян Татул Арташович		Физическое лицо	504413718820	
ИП Маркина Ирина Вячеславовна	Поставщики	Физическое лицо	774305854470	
ИП МАРКОВ СЕРГЕЙ ВЛАДИМИРОВИЧ		Физическое лицо	507803252499	
ИП МАРТЫНЕНКО АНДРЕЙ ДМИТРИЕВИЧ		Физическое лицо	645493707290	
ИП МАРТЫЧ АНАСТАСИЯ НИКОЛАЕВНА		Физическое лицо	662512186902	
ИП Матвеев Андрей Михайлович	Поставщики	Физическое лицо	543810635356	
ИП Микаилова Сусанна	Поставщики	Физическое лицо	770483564503	
ИП Миронюк Александр Владимирович	Поставщики	Физическое лицо	772863903795	
ИП Могильный Андрей Владимирович	Поставщики	Физическое лицо	590299346042	
ИП Мусихин Михаил Арнольдович		Физическое лицо	773165070270	
ИП Муханов А.М.		Физическое лицо	770974539080	
ИП Насибуллин Булат Фларисович	Поставщики	Физическое лицо	026404827262	
ИП Натопта Олег Федорович	Поставщики	Физическое лицо	230600154261	
ИП Нерсисян Марине М.		Физическое лицо	501501861239	
ИП Несмашный Сергей Александрович	Поставщики	Физическое лицо	263110797839	
ИП Нестеров Дмитрий Анатольевич	Поставщики	Физическое лицо	504790844147	
ИП Никитин Владимир Ильич	Поставщики	Физическое лицо	343656287395	Досье_ИП Никитин Владимир Ильич.pdf
ИП Николашина Анна Алексеевна	Поставщики	Физическое лицо	110400319665	Досье_ИП Николашина Анна Алексеевна.pdf
ИП Ниязов Виктор Александрович	Поставщики	Физическое лицо	771502573554	
ИП Новгородцева Елена Викторовна	Поставщики	Физическое лицо	772007404264	
ИП Оганян Ара Ервандович	Поставщики	Физическое лицо	331108414415	
ИП Одиночников Владимир Сергеевич	Поставщики	Физическое лицо	711107005707	
ИП Павленко Александр Вадимович	Поставщики	Физическое лицо	772748203481	
ИП Павленко Вадим Григорьевич	Поставщики	Физическое лицо	771700295267	
ИП Панкратов Павел Алексеевич	Поставщики	Физическое лицо	771500309000	
ИП Пантелеева И.В.	Поставщики	Физическое лицо	504006439395	
ИП Папунов Иван Владимирович		Физическое лицо	690141943298	
ИП Попов Сергей Алексеевич	Поставщики	Физическое лицо	773125796556	Досье_ИП Попов Сергей Алексеевич.pdf
ИП Попов Сергей Сергеевич		Физическое лицо	230906850266	
ИП Пронькина Юлия Владимировна	Поставщики	Физическое лицо	773172833090	Досье_ИП Пронькина Юлия Владимировна.pdf
ИП Пузанова Дина Владимировна	Поставщики	Физическое лицо	773130427681	Досье_ИП Пузанова Дина Владимировна.pdf
ИП Романишин Сергей Анатольевич	Поставщики	Физическое лицо	504307350623	Досье_ИП Романишин Сергей Анатольевич.pdf
ИП Савеличева Валерия Викторовна	Покупатели	Физическое лицо	772776962339	
ИП Сагдатуллин Ильнур Илдарович		Физическое лицо	183509163053	
ИП Сарджвеладзе А.С.		Физическое лицо	502717219530	
ИП Сафаров Георгий Леонидович	Поставщики	Физическое лицо	505201973620	
ИП Сафин Григорий Владимирович	Поставщики	Физическое лицо	250100091707	Досье_ИП Сафин Григорий Владимирович.pdf
ИП Сейфулаев Велит Эдимович	Поставщики	Физическое лицо	370256226088	
ИП Синица Инна Александровна	Поставщики	Физическое лицо	504040319122	
ИП Склепович Денис Романович		Физическое лицо	771573333333	
ИП Смольников Александр Петрович	Поставщики	Физическое лицо	220903725430	
ИП Соколов Владимир Валериевич	Поставщики	Физическое лицо	711304070720	
ИП Соколов Юрий Дмитриевич	Поставщики	Физическое лицо	631409386336	
ИП Степанов Иван Петрович	Поставщики	Физическое лицо	614104225425	Досье_Степанов Иван Петрович.pdf
ИП Стрепетов Константин Владимирович		Физическое лицо	773115336976	
ИП Судаков Сергей Валерьевич	Поставщики	Физическое лицо	691004755880	
ИП Сырецких Елена Сергеевна		Физическое лицо	503215427440	
ИП Тарасова Марина Владимировна		Физическое лицо	501702315367	
ИП Тетеркин Анатолий Андреевич		Физическое лицо	502005703910	
ИП Тимонин Владимир Александрович	Поставщики	Физическое лицо	120101197503	
ИП Токарь А.А.		Физическое лицо	774314481610	
ИП Торбин Максим Владимирович	Поставщики	Физическое лицо	774331987420	
ИП Турк Юрий Валерьевич	Поставщики	Физическое лицо	231294407755	Досье_ИП Турк Юрий Валерьевич.pdf
ИП Тюжин Юрий Владимирович	Поставщики	Физическое лицо	667210663107	Досье_ИП Тюжин Юрий Владимирович.pdf
ИП Узинцев Виталий Геннадьевич	Поставщики	Физическое лицо	631810854551	
ИП Фатин Николай Александрович		Физическое лицо	772574834060	
ИП Февралев Сергей Николаевич	Поставщики	Физическое лицо	540808770401	Досье_ИП Февралев Сергей Николаевич.pdf
ИП Харченко Алексей Александрович	Поставщики	Физическое лицо	772984395722	Досье_ИП Харченко Алексей Александрович.pdf
ИП Ходырева Юлия Робертовна		Физическое лицо	772131898875	
ИП Червяков Иван Алексеевич	Поставщики	Физическое лицо	505010466001	Досье_ИП Червяков Иван Алексеевич.pdf
ИП Черепанов Алексей Викторович		Физическое лицо	352529020202	
ИП Чиняев Алексей Иванович	Поставщики	Физическое лицо	444200175146	Досье_ИП Чиняев Алексей Иванович.pdf
ИП Шавлинская Людмила Петровна	Поставщики	Физическое лицо	262200324747	Досье_ИП Шавлинская Людмила Петровна.pdf
ИП Шалпегин Алексей Юрьевич	Поставщики	Физическое лицо	500800554844	
ИП Шаповал Андрей Анатольевич	Поставщики	Физическое лицо	771206046685	
ИП Шевырева Оксана Владимировна		Физическое лицо	502411768847	
ИП Широкопояс Владимир Анатольевич		Физическое лицо	772372117648	
ИП Шишов Андрей Юрьевич	Поставщики	Физическое лицо	770104146329	Досье_ИП Шишов Андрей Юрьевич.pdf
ИП Шлоков Михаил Сергеевич	Поставщики	Физическое лицо	773121782440	Досье_ИП Шлоков Михаил Сергеевич.pdf
ИП Шмаков Олег Иванович	Поставщики	Физическое лицо	503610843392	
ИТ СО РАН		Юридическое лицо	5408100040	Досье_ИТ СО РАН.pdf
Калмыков Сергей Владимирович		Физическое лицо		
Коледа Алексей Игоревич	Поставщики	Физическое лицо	504019535561	Досье_СЗ Коледа Алексей Игоревич.pdf
Комнатная Анна Валерьевна	Поставщики	Физическое лицо	552812486471	Досье_СЗ Комнатная Анна Валерьевна.pdf
Компания АктиТрейд-Т		Юридическое лицо	7104054162	
Коротков Михаил Михайлович	Поставщики	Физическое лицо	505396646131	Досье_СЗ Коротков Михаил Михайлович.pdf
Кузнецов Владимир Ростиславович	Поставщики	Физическое лицо	771519188014	
кузнецов дмитрий Сергеевич		Физическое лицо		
Кузнецова Ольга Сергеевна	Поставщики	Физическое лицо	372601527052	Досье_СЗ Кузнецова Ольга Сергеевна.pdf
Кульков Кирилл Александрович	Поставщики	Физическое лицо		
Куркин Павел Алексеевич	Поставщики	Физическое лицо	332898774640	Досье_СЗ Куркин Павел Алексеевич.pdf
Лукин Олег Геннадьевич	Поставщики	Физическое лицо	772033076838	
Ляхович Алина Суреновна	Поставщики	Физическое лицо	500603949547	
Малкович Ульяна Юрьевна	Поставщики	Физическое лицо	502701729720	Досье_СЗ Малкович Ульяна Юрьевна.pdf
Марковская Варвара Кирилловна	Поставщики	Физическое лицо	772821876726	
Машков Александр Васильевич	Поставщики	Физическое лицо	772023622012	
Межрайонная инспекция Федеральной налоговой службы №1 по Московской области		Юридическое лицо	5040004804	
Межрайонная инспекция Федеральной налоговой службы №19 по Московской области		Юридическое лицо	5004008144	
Межрегиональная инспекция Федеральной налоговой службы по управлению долгом	Государственные органы	Юридическое лицо	7727406020	Досье_Казначейство России (ФНС России).pdf
Межрегиональное операционное УФК (Федеральная служба по интеллектуальной собственности)	Государственные органы	Юридическое лицо	7730176088	
Металл Град		Юридическое лицо	7722835308	
МЕТАЛЛИНВЕСТ	Поставщики	Юридическое лицо	7722396530	
Милова Екатерина Васильевна	Поставщики	Физическое лицо	760212107987	
Минасян Андраник Акобович	Поставщики	Физическое лицо	632514831242	Досье_СЗ Минасян Андраник Акобович.pdf
МОСКОВСКИЙ ФИЛИАЛ АО КБ "МОДУЛЬБАНК"		Юридическое лицо	2204000595	
МХТ ГРУПП		Юридическое лицо	7713697098	
не использ МЕТАЛЛ-ДК		Юридическое лицо	5018127984	
не использовать ООО "Проект Девелопмент"	Покупатели	Юридическое лицо		
Невзорова Надежда Вячеславовна ИП		Физическое лицо	760206889126	
НИКА		Юридическое лицо	9729141623	
НИЛ АП, ООО		Юридическое лицо	6154004214	
НооЛайт		Юридическое лицо	7743153793	
НП "Обслуживание строительства"	Поставщики	Юридическое лицо	5321801555	
НП "ЦПР"	Поставщики	Юридическое лицо	7736242763	Досье_ЦПР НП.pdf
НПП "Гидрикс"		Юридическое лицо	7727749349	
ОАО "КОМПЛЕКТАЦИЯ- XXI век"	Поставщики	Юридическое лицо	7716104758	
Общество с ограниченной ответственностью " ЭРВИС"		Юридическое лицо	7725326154	
Общество с ограниченной ответственностью "А-Сибра"	Поставщики	Юридическое лицо	5405482263	
Общество с ограниченной ответственностью "АнЛан"		Юридическое лицо	7709721453	
Общество с ограниченной ответственностью "Арматура Вентиляция Насосы-комплекс"		Юридическое лицо	5027141047	
ОБЩЕСТВО С ОГРАНИЧЕННОЙ ОТВЕТСТВЕННОСТЬЮ "БАЗИС ТРЕЙД ПРОСОФТ"		Юридическое лицо	7704345974	
Общество с ограниченной ответственностью "ГофраТруба"	Поставщики	Юридическое лицо	7718308316	
Общество с ограниченной ответственностью "Группа компаний "РЕНОВАЦИЯ"		Юридическое лицо	5042088912	
Общество с ограниченной ответственностью "ГЭТРИ"		Юридическое лицо	5017089253	
Общество с ограниченной ответственностью "Евромаркет"		Юридическое лицо	7717739687	
Общество с ограниченной ответственностью "КартТрек"	Покупатели	Юридическое лицо	9729227045	
Общество с ограниченной ответственностью "ПЛКСистемы"		Юридическое лицо	7708160477	
Общество с ограниченной ответственностью "Приборы и Автоматика"		Юридическое лицо	7727178536	
Общество с ограниченной ответственностью "Производственная Компания РЛ"		Юридическое лицо	7713785643	
ОБЩЕСТВО С ОГРАНИЧЕННОЙ ОТВЕТСТВЕННОСТЬЮ "ПРОИЗВОДСТВЕННО-СТРОИТЕЛЬНЫЙ КОМПЛЕКС "ПЕРСПЕКТИВА"		Юридическое лицо	7731464096	
ОБЩЕСТВО С ОГРАНИЧЕННОЙ ОТВЕТСТВЕННОСТЬЮ "ПРОФИТ-М"		Юридическое лицо	5042148368	
Общество с ограниченной ответственностью "ПРОФИТ"		Юридическое лицо	7702840500	
Общество с ограниченной ответственностью "РЕСУРС-Пласт"		Юридическое лицо	7714746118	
ОБЩЕСТВО С ОГРАНИЧЕННОЙ ОТВЕТСТВЕННОСТЬЮ "РИО-КАЗАНЬ"		Юридическое лицо	1655417527	
Общество с ограниченной ответственностью "Теплинк"		Юридическое лицо	5030076373	
Общество с ограниченной ответственностью "Торговый дом Северо-западный"		Юридическое лицо	7825444144	
Общество с ограниченной ответственностью "ТОРГСЕРВИС"		Юридическое лицо	7709982350	
ОБЩЕСТВО С ОГРАНИЧЕННОЙ ОТВЕТСТВЕННОСТЬЮ "УФ-ТЕХНОЛОДЖИ"		Юридическое лицо	7810766501	
Общество с ограниченной ответственностью "ЧистоВод"		Юридическое лицо	7727832910	
Общество с ограниченной ответственностью «Проектно-конструкторское бюро «Волгостромпроект»		Юридическое лицо	6318162727	
ООО  "ДАЙРА"	Поставщики	Юридическое лицо	7734653983	
ООО  "ЕКОМ СОЛЮШЕН"		Юридическое лицо	5027264627	
ООО  "ПГ РУССТАЛЬ"	Поставщики	Юридическое лицо	5260414154	
ООО  "ПТК-АНАЛИТИК"	Поставщики	Юридическое лицо	7806341520	
ООО  "ТЕПЛОКОНТРОЛЬ"	Поставщики	Юридическое лицо	7733310743	Досье_ТЕПЛОКОНТРОЛЬ ООО.pdf
ООО " ВТ ИНЖИНИРИНГ - Н "	Поставщики	Юридическое лицо	5032099778	
ООО " КОНСУЛ"	Поставщики	Юридическое лицо	5027096299	Досье_КОНСУЛ ООО.pdf
ООО "1"	Поставщики	Юридическое лицо	9705137882	
ООО "1000 ВА"		Юридическое лицо	7724729908	
ООО "1С-БИТРИКС"	Поставщики	Юридическое лицо	7717586110	
ООО "А.В.А."	Поставщики	Юридическое лицо	7721045297	
ООО "А101"	Покупатели	Юридическое лицо	7704810149	
ООО "АБТ"	Покупатели	Юридическое лицо	9702041533	Досье_АБТ ООО.pdf
ООО "АВАНГАРДКАПСТРОЙ"		Юридическое лицо	5029181870	
ООО "АВГУРО ТЕХНОЛОДЖИС"	Поставщики	Юридическое лицо	7706641390	Досье_АВГУРО ТЕХНОЛОДЖИС ООО.pdf
ООО "АВИАСЕЙЛС БИЗНЕС"	Поставщики	Юридическое лицо	9710080462	Досье_АВИАСЕЙЛС БИЗНЕС ООО.pdf
ООО "АВС"	Поставщики	Юридическое лицо	7728207620	Досье_АВС ООО.pdf
ООО "АВТО-ТРАНС"	Поставщики	Юридическое лицо	7706743466	
ООО "АВТОБАМ СЕРВИС"	Поставщики	Юридическое лицо	7725743655	Досье_АВТОБАМ СЕРВИС ООО.pdf
ООО "Автодор-Платные Дороги"	Поставщики	Юридическое лицо	7710965662	
ООО "АВТОМАТИК ПЛЮС"	Поставщики	Юридическое лицо	7734454515	Досье_АВТОМАТИК ПЛЮС ООО.pdf
ООО "АВТОМАТИКА ПРЕМИУМ"	Поставщики	Юридическое лицо	7733888823	
ООО "АВТОСКАН-Н"	Поставщики	Юридическое лицо	5401326200	
ООО "АГРОПАК"	Поставщики	Юридическое лицо	5003121764	Досье_АГРОПАК ООО.pdf
ООО "АЕТЕК"	Поставщики	Юридическое лицо	7705538626	Досье_АЕТЕК ООО.pdf
ООО "АЙ ДЖИ ГРУПП"		Юридическое лицо	7014056944	
ООО "АЙБЕКС"	Поставщики	Юридическое лицо	7709999709	
ООО "АЙРДУИНО"	Поставщики	Юридическое лицо	7725288780	Досье_АЙРДУИНО ООО.pdf
ООО "АКАДЕМЛАБ"	Поставщики	Юридическое лицо	5408293916	
ООО "АКВАВИВА"	Поставщики	Юридическое лицо	9703120001	Досье_АКВАВИВА ООО.pdf
ООО "АкваСибСтрой"	Поставщики	Юридическое лицо	7017469629	
ООО "АКВАТРЕЙД"	Поставщики	Юридическое лицо	9703025492	Досье_АКВАТРЕЙД ООО.pdf
ООО "АКВАЭКОХИМ"	Поставщики	Юридическое лицо	7718798950	
ООО "АКС"	Поставщики	Юридическое лицо	5029242523	Досье_АКС ООО.pdf
ООО "Активгрупп"		Юридическое лицо	5027262130	
ООО "АКТИОН-ПРЕСС"	Поставщики	Юридическое лицо	7702272022	
ООО "АЛАРТ"	Поставщики	Юридическое лицо	6670305425	Досье_АЛАРТ ООО.pdf
ООО "АЛГОРИТМ"	Поставщики	Юридическое лицо	7716727181	
ООО "АЛЕНСИО-ТПК"		Юридическое лицо	6658511157	
ООО "Алрос"	Поставщики	Юридическое лицо	5008023104	
ООО "АЛТУМ ПРО"	Поставщики	Юридическое лицо	3702179964	
ООО "АЛЬСЕНА"		Юридическое лицо	7708300205	
ООО "АЛЬТЕРНАТИВА"	Поставщики	Юридическое лицо	7733285409	
ООО "Альтранс"		Юридическое лицо	7734722637	
ООО "АЛЬФА АРС МЕТИЗЫ"	Поставщики	Юридическое лицо	7705435959	
ООО "АЛЬФА ГЛОБАЛ"	Поставщики	Юридическое лицо	9717098067	Досье_АЛЬФА ГЛОБАЛ ООО.pdf
ООО "АЛЬФА ГРУПП"	Поставщики	Юридическое лицо	9729225087	
ООО "АЛЬФА МОДУЛЬ"	Поставщики	Юридическое лицо	7717159686	Досье_АЛЬФА МОДУЛЬ ООО.pdf
ООО "АЛЬФА РАМЕНКА"	Поставщики	Юридическое лицо	5040072272	Досье_АЛЬФА РАМЕНКА ООО.pdf
ООО "АЛЬФА ЦЕНТАВРА"	Поставщики	Юридическое лицо	7733895436	
ООО "АЛЬЯНС-М"		Юридическое лицо	7726451373	
ООО "АМИТРОН -ЭК"	Поставщики	Юридическое лицо	7733714785	Досье_АМИТРОН -ЭК ООО.pdf
ООО "АНИОН"	Поставщики	Юридическое лицо	7722024010	
ООО "АНТАРЕС"	Поставщики	Юридическое лицо	5029202288	
ООО "АПОЛЛОН-Д"	Поставщики	Юридическое лицо	9701145593	
ООО "АПР"	Поставщики	Юридическое лицо	9718068763	Досье_АПР ООО.pdf
ООО "АРМИДО КС"	Поставщики	Юридическое лицо	7736280600	Досье_АРМИДО КС ООО.pdf
ООО "АРСЕНАЛ"	Поставщики	Юридическое лицо	7726587078	
ООО "АРТ ГРУПП"	Поставщики	Юридическое лицо	5012102091	
ООО "Артавеон"	Поставщики	Юридическое лицо	7721149592	
ООО "Архитектура Водных Технологий"	Поставщики	Юридическое лицо	7713759900	
ООО "АРХИТЕКТУРА И СТРОИТЕЛЬСТВО"	Покупатели	Юридическое лицо	7731533529	Досье_АРХИТЕКТУРА И СТРОИТЕЛЬСТВО ООО.pdf
ООО "АСБ"	Поставщики	Юридическое лицо	5007058048	Досье_АСБ ООО.pdf
ООО "АСБЕРГ АС"		Юридическое лицо	7719591718	
ООО "АСК-электрокомплект"		Юридическое лицо	7713713487	
ООО "АССОРТИ ФУРШЕТ"		Юридическое лицо	9723022080	
ООО "АСТ-М"	Поставщики	Юридическое лицо	9717084875	
ООО "БАЙКАЛ-СЕРВИС ТК"	Поставщики	Юридическое лицо	5001038736	Досье_БАЙКАЛ-СЕРВИС ТК ООО.pdf
ООО "БАКИ-НН"	Поставщики	Юридическое лицо	5257183281	
ООО "БАЛТСТОУН" в д. Валищево № 3	Покупатели	Юридическое лицо	7839469004	Досье_БАЛТСТОУН ООО в д. Валищево № 3.pdf
ООО "Банк Точка"		Юридическое лицо	9721194461	
ООО "Бассейн-Сервис"	Поставщики	Юридическое лицо	5018180096	
ООО "БЕКАР-ЭКСПЛУАТАЦИЯ"	Покупатели	Юридическое лицо	7705766527	
ООО "БЕЛЩЕТКА"	Поставщики	Юридическое лицо	3123435127	Досье_БЕЛЩЕТКА ООО.pdf
ООО "БЕРТОН"	Поставщики	Юридическое лицо	9717071058	
ООО "Бесконечный полет"	Поставщики	Юридическое лицо	7723772756	
ООО "БЕСТФУД"	Покупатели	Юридическое лицо	7724842653	Досье_БЕСТФУД ООО.pdf
ООО "БЕТА ВОИП"	Поставщики	Юридическое лицо	7724701236	Досье_БЕТА ВОИП ООО.pdf
ООО "БЕТОН-ПОТОК"	Поставщики	Юридическое лицо	7751022579	Досье_БЕТОН-ПОТОК ООО.pdf
ООО "БИГАМ-Инвест"	Поставщики	Юридическое лицо	7604228480	
ООО "БИО ПРО"	Поставщики	Юридическое лицо	9729279131	
ООО "БИОКОМПАКТ"	Поставщики	Юридическое лицо	5007010222	Досье_БИОКОМПАКТ ООО.pdf
ООО "БИОЛАТИК"	Поставщики	Юридическое лицо	5404030786	
ООО "БиоПласт"	Покупатели	Юридическое лицо	7717588798	
ООО "БИОТЕХСЕРВИС"		Юридическое лицо	7715750318	
ООО "БК РУС"		Юридическое лицо	7751169155	
ООО "БРАБЕН ГРУПП"	Поставщики	Юридическое лицо	2457086850	Досье_БРАБЕН ГРУПП ООО.pdf
ООО "БРОСКО"	Поставщики	Юридическое лицо	7736318148	
ООО "БСТ"	Поставщики	Юридическое лицо	7743208499	
ООО "Бухсофт сервис"		Юридическое лицо	7732505450	
ООО "В.А.М.-МОСКВА"	Поставщики	Юридическое лицо	7743565596	
ООО "ВАЛЬВЕСЕЙЛ"	Поставщики	Юридическое лицо	5047204305	
ООО "ВАТЕРХИМ"		Юридическое лицо	7724348525	
ООО "ВГБ"	Покупатели	Юридическое лицо	3525332964	
ООО "ВЕГА"	Поставщики	Юридическое лицо	7731210341	
ООО "ВЕК ЭЛЕКТРО"	Поставщики	Юридическое лицо	9718146370	Досье_ВЕК ЭЛЕКТРО ООО.pdf
ООО "ВЕНДОР ГРУПП"	Поставщики	Юридическое лицо	5036160092	
ООО "Верн"		Юридическое лицо	9718083602	
ООО "ВЕСТ КОЛЛ ЛТД"	Поставщики	Юридическое лицо	7702388235	
ООО "ВЕСТ"		Юридическое лицо	3305717013	Досье_ВЕСТ ООО.pdf
ООО "ВЕСТПЕРЕЕЗД"	Поставщики	Юридическое лицо	7718587620	
ООО "Взлет-МСК"	Поставщики	Юридическое лицо	5003097938	
ООО "ВИВАЛЬДО РУС"	Поставщики	Юридическое лицо	7704774846	
ООО "ВИДХИ"	Поставщики	Юридическое лицо	4704081500	
ООО "ВИРЕНТ"	Поставщики	Юридическое лицо	7727438551	
ООО "ВИС"		Юридическое лицо	7017418487	
ООО "ВИСА-ГИНГЕР"		Юридическое лицо	7714783367	
ООО "ВК-КОМПЛЕКТ"	Поставщики	Юридическое лицо	7602042730	
ООО "ВК-СЕРВИС"	Поставщики	Юридическое лицо	7716804686	Досье_ВК-СЕРВИС ООО.pdf
ООО "ВОДНАЯ ТЕХНИКА"	Поставщики	Юридическое лицо	5032196725	
ООО "ВОДПРОЕКТСТРОЙ"	Покупатели	Юридическое лицо	7716539131	
ООО "ВОЛЖСКИЙ КОМПОЗИТ"	Покупатели	Юридическое лицо	6321432444	
ООО "ВП-МЕДИА"	Поставщики	Юридическое лицо	7721425450	
ООО "Всегда в движении"		Юридическое лицо	7715486254	
ООО "ВСЕИНСТРУМЕНТЫ.РУ"	Поставщики	Юридическое лицо	7722753969	Досье_ВСЕИНСТРУМЕНТЫ.РУ ООО.pdf
ООО "Вторая Жизнь Материалов"		Юридическое лицо	9715308030	
ООО "ВТР"	Поставщики	Юридическое лицо	7728325078	
ООО "Газпромнефть-Центр"		Юридическое лицо	7709359770	
ООО "ГАЛА СПБ"	Поставщики	Юридическое лицо	7839130839	
ООО "ГАРАНТ-СП"	Поставщики	Юридическое лицо	5042130829	
ООО "ГАРДА"	Поставщики	Юридическое лицо	5029231708	
ООО "ГАСЗНАК"	Поставщики	Юридическое лицо	7743130620	Досье_ГАСЗНАК ООО.pdf
ООО "ГЕРАНД 1"	Поставщики	Юридическое лицо	5029243823	Досье_ГЕРАНД 1 ООО.pdf
ООО "ГЕРМЕС"	Поставщики	Юридическое лицо	9709034180	Досье_ГЕРМЕС ООО.pdf
ООО "ГетТакси Рус"	Поставщики	Юридическое лицо	7704794345	
ООО "Гидро-НСК"	Поставщики	Юридическое лицо	5403360622	
ООО "ГИДРОРЕСУРС"		Юридическое лицо	5029179222	
ООО "ГИДРОСПЕЦКОМ"	Поставщики	Юридическое лицо	7806266129	
ООО "Гидротехинжиниринг"	Покупатели	Юридическое лицо	7705489351	
ООО "ГиП"		Юридическое лицо	5050075586	
ООО "ГИЦ ПВ"	Поставщики	Юридическое лицо	7751197314	
ООО "ГК "ФИТИНГПАЙП"		Юридическое лицо	7811157862	
ООО "ГК ЕВРОИНЖИНИРИНГ"	Поставщики	Юридическое лицо	7705340880	Досье_ЕВРОИНЖИНИРИНГ ГК ООО.pdf
ООО "ГК ОБСТРОЙТЕХ"	Поставщики	Юридическое лицо	7719889889	Досье_ГК ОБСТРОЙТЕХ ООО.pdf
ООО "ГК СИТИ ПРОЕКТ"	Поставщики	Юридическое лицо	9717024548	
ООО "ГК ЭКОИНВЕСТ"	Поставщики	Юридическое лицо	7730256745	
ООО "ГОБЗА"	Поставщики	Юридическое лицо	7327032148	Досье_ГОБЗА ООО.pdf
ООО "ГОЛДГРАДПРОЕКТ"		Юридическое лицо	5032236791	
ООО "Гольфстрим"		Юридическое лицо	7714915038	
ООО "Горэлектропром"	Поставщики	Юридическое лицо	7720764161	
ООО "ГРАДСНАБТРАНС"	Поставщики	Юридическое лицо	7725290275	
ООО "Гранд-Электро"		Юридическое лицо	5406699438	
ООО "ГРАУНД КОНСТРАКШН"	Поставщики	Юридическое лицо	7720643953	Досье_ГРАУНД КОНСТРАКШН ООО.pdf
ООО "Гриффин Технолоджи"		Юридическое лицо	7733765116	
ООО "ГРУППА АЙТЕКС"	Поставщики	Юридическое лицо	3917014803	
ООО "Группа Компаний МегаВольт"		Юридическое лицо	3525407641	
ООО "ГСР"	Поставщики	Юридическое лицо	5029177338	Досье_ГСР ООО.pdf
ООО "ДАРСТРОЙ-1"	Поставщики	Юридическое лицо	7708359791	
ООО "ДВЕРБУРГ"	Поставщики	Юридическое лицо	7743194599	Досье_ДВЕРБУРГ ООО.pdf
ООО "ДЕАН СБ"	Поставщики	Юридическое лицо	0105070781	
ООО "ДЕЖЕСТА"	Поставщики	Юридическое лицо	7728665980	
ООО "ДЕЛОВЫЕ МЕРОПРИЯТИЯ"	Поставщики	Юридическое лицо	4725004578	
ООО "Дельта"		Юридическое лицо	1648047522	
ООО "ДИОДОРА"	Поставщики	Юридическое лицо	7723860297	
ООО "ДКО ПОЛИПЛАСТИК"	Поставщики	Юридическое лицо	9729289612	Досье_ДКО ПОЛИПЛАСТИК ООО.pdf
ООО "ДН.РУ"	Поставщики	Юридическое лицо	7724452117	Досье_ДН.РУ ООО.pdf
ООО "ДНС РИТЕЙЛ"	Поставщики	Юридическое лицо	2540167061	
ООО "Догма"		Юридическое лицо	7810744297	
ООО "ДОЗИРУЮЩИЕ СИСТЕМЫ"	Поставщики	Юридическое лицо	7717594738	
ООО "ДокЛаб"		Юридическое лицо	0274159931	
ООО "Дом компонентов и оборудования "ЭЛЕКТРОНЩИК"		Юридическое лицо	7725535824	
ООО "ДОМАШНИЙ ИНТЕРЬЕР"	Поставщики	Юридическое лицо	7709770002	
ООО "ДОМИНАНТ"	Поставщики	Юридическое лицо	7723432460	Досье_ДОМИНАНТ ООО.pdf
ООО "ДОСТУПНАЯ АВТОМАТИКА"	Поставщики	Юридическое лицо	6679123331	Досье_ДОСТУПНАЯ АВТОМАТИКА ООО.pdf
ООО "ДРИМ ПУЛ"	Поставщики	Юридическое лицо	7721755120	
ООО "ЕВРОАВТОМАТИКА"		Юридическое лицо	5027214400	
ООО "ЕВРОКОМ"		Юридическое лицо	7811635396	
ООО "Евромонолит"		Юридическое лицо	7724330292	
ООО "ЕВРОПЛАН СЕРВИС"	Поставщики	Юридическое лицо	7705770795	
ООО "Европласт Инжиниринг"	Поставщики	Юридическое лицо	9729177348	
ООО "ЕВРОСТРОЙИНВЕСТ"		Юридическое лицо	7743586878	
ООО "ЕВРОТОРГ"	Поставщики	Юридическое лицо	7734666118	Досье_ЕВРОТОРГ ООО.pdf
ООО "Единый центр лицензирования, регистрации и судебной защиты"	Поставщики	Юридическое лицо	7715456130	
ООО "ЖАККО НСК"	Поставщики	Юридическое лицо	5402039769	
ООО "ЖБИ-4"	Поставщики	Юридическое лицо	7723922874	
ООО "ЖЕЛДОРЭКСПЕДИЦИЯ-МОСКВА"		Юридическое лицо	7718282026	
ООО "Завод ТСК"		Юридическое лицо	5433962529	
ООО "ЗАМОК-СЕРВИС"	Поставщики	Юридическое лицо	7701357932	Досье_ЗАМОК-СЕРВИС ООО.pdf
ООО "ЗСК"	Поставщики	Юридическое лицо	6732179325	
ООО "ИВЕА"		Юридическое лицо	7716782520	
ООО "ИВТД"	Поставщики	Юридическое лицо	3702263711	
ООО "ИВТРАНСЛОГИСТИК"	Проблемные поставщики	Юридическое лицо	3702158989	
ООО "ИКЕА ДОМ"	Поставщики	Юридическое лицо	5047076050	
ООО "ИКЕА Сентерс Рус Проперти Д"	Покупатели	Юридическое лицо	5047178662	
ООО "ИЛИОН"	Поставщики	Юридическое лицо	6162007508	Досье_ИЛИОН ООО.pdf
ООО "ИЛПРО"	Поставщики	Юридическое лицо	9719052100	Досье_ИЛПРО ООО.pdf
ООО "ИНБИЗ"	Покупатели	Юридическое лицо	7720293667	Досье_ИНБИЗ ООО.pdf
ООО "ИНВЕСТ-ПРОЕКТ"	Поставщики	Юридическое лицо	7707465268	Досье_ИНВЕСТ-ПРОЕКТ ООО.pdf
ООО "ИНВЕСТСИТИ"	Покупатели	Юридическое лицо	7724743980	Досье_ИНВЕСТСИТИ ООО.pdf
ООО "Индига"		Юридическое лицо	7810542100	
ООО "Индустриальные Системы и Технологии"		Юридическое лицо	2224091632	
ООО "Инженерно-Технический Центр Взлет"		Юридическое лицо	7839356748	
ООО "ИНЖЕНЕРНЫЕ СИСТЕМЫ ПОЛИТЭК СПБ"		Юридическое лицо	7804608514	
ООО "ИнжПроект"		Юридическое лицо	5001098301	
ООО "ИНКОМТЕХСНАБ"		Юридическое лицо	7713393614	
ООО "ИНКОМТЭК"	Поставщики	Юридическое лицо	7804446599	
ООО "ИнСАТ"		Юридическое лицо	7734682230	
ООО "Институт экономики и бизнеса"		Юридическое лицо	7718305940	
ООО "ИНТЕГРА-ТЕХКОМ"	Поставщики	Юридическое лицо	7734700168	
ООО "ИНТЕЛЛИКА"	Поставщики	Юридическое лицо	7751180328	
ООО "ИНТЕРИО ОКНА"	Поставщики	Юридическое лицо	9725032863	Досье_ИНТЕРИО ОКНА ООО.pdf
ООО "ИНТЕРНЕТ РЕШЕНИЯ"	Поставщики	Юридическое лицо	7704217370	Досье_ИНТЕРНЕТ РЕШЕНИЯ ООО.pdf
ООО "ИНТЕРНЕТ-ХОСТИНГ"	Поставщики	Юридическое лицо	7701838266	
ООО "ИНФОРМАЦИОННО-СЕРВИСНЫЙ ЦЕНТР ТРЕЙД СОФТ"	Поставщики	Юридическое лицо	7743685597	
ООО "ИРИОН"		Юридическое лицо	7715999930	
ООО "ИСТ"	Поставщики	Юридическое лицо	5050144230	
ООО "ИТОРУМ"	Поставщики	Юридическое лицо	5002093909	
ООО "ИТЦ СЛАВИЧ"	Поставщики	Юридическое лицо	7806156542	Досье_СЛАВИЧ ООО.pdf
ООО "ИЭЦ "ЭКОБАЛ"	Поставщики	Юридическое лицо	5001050885	Досье_ЭКОБАЛ ООО.pdf
ООО "КАЛИПСО"		Юридическое лицо	7716806524	
ООО "КАРЕТ-СТРОЙ"	Поставщики	Юридическое лицо	5029156602	Досье_КАРЕТ-СТРОЙ ООО.pdf
ООО "Квант"	Поставщики	Юридическое лицо	4703164200	
ООО "КВАРЦ"	Поставщики	Юридическое лицо	7718683229	
ООО "Кворк"		Юридическое лицо	9723008819	
ООО "Кедр Энергетика"	Поставщики	Юридическое лицо	5038101977	
ООО "Керамик Групп"		Юридическое лицо	5022044924	
ООО "КЕС"		Юридическое лицо	7714823235	
ООО "КЕХ ЕКОММЕРЦ"	Поставщики	Юридическое лицо	7710668349	Досье_КЕХ ЕКОММЕРЦ ООО.pdf
ООО "КЖБИ №8"	Поставщики	Юридическое лицо	7721605968	
ООО "КИРЕЛИС"	Поставщики	Юридическое лицо	5027141583	Досье_КИРЕЛИС ООО.pdf
ООО "Кирмаш"		Юридическое лицо	7729649100	
ООО "КЛ"	Поставщики	Юридическое лицо	7816314942	Досье_КЛ ООО.pdf
ООО "Классик проф"	Поставщики	Юридическое лицо	7703337106	
ООО "КЛИНИКА ЭКСПЕРТНЫХ МЕДИЦИНСКИХ ТЕХНОЛОГИЙ"	Поставщики	Юридическое лицо	7715860230	
ООО "Комапния Альянс-Кабель"		Юридическое лицо	5001055273	
ООО "Комбинат Промышленных Емкостей"	Поставщики	Юридическое лицо	5258107068	
ООО "Комеджик"	Поставщики	Юридическое лицо	7727341447	Досье_Комеджик.pdf
ООО "КОМПАКТТУЛ"	Поставщики	Юридическое лицо	7733337625	
ООО "КОМПАНИЯ " ГОЛЬФСТРИМ+"	Поставщики	Юридическое лицо	7723652307	Досье_КОМПАНИЯ  ГОЛЬФСТРИМ+ ООО.pdf
ООО "Компания "СтокамНет"		Юридическое лицо	6150091978	
ООО "Компания "Тензор"		Юридическое лицо	7605016030	
ООО "КОМПАНИЯ "ТРИЛОГ"	Поставщики	Юридическое лицо	1655265137	
ООО "КОМПАНИЯ ВДЛ"	Поставщики	Юридическое лицо	7722786153	
ООО "КОМПАНИЯ ВТС"	Поставщики	Юридическое лицо	7705901663	
ООО "КОМПАНИЯ ГЛАВКРЕП"	Поставщики	Юридическое лицо	7810351384	Досье_КОМПАНИЯ ГЛАВКРЕП ООО.pdf
ООО "Компания Крепко"		Юридическое лицо	7715925448	
ООО "Компания Мир Шнура"		Юридическое лицо	5047176506	
ООО "КОМПАНИЯ МОСКЕРАМ"		Юридическое лицо	7714931544	
ООО "КОМПАНИЯ СЕВЕР"	Поставщики	Юридическое лицо	7713763946	Досье_КОМПАНИЯ СЕВЕР ООО.pdf
ООО "КОМПАНИЯ ТЕХПРИБОР"	Поставщики	Юридическое лицо	3908039262	Досье_КОМПАНИЯ ТЕХПРИБОР ООО.pdf
ООО "Компания Техпривод"		Юридическое лицо	7705559961	
ООО "КОМПЛЕКТ СЕРВИС"		Юридическое лицо	9717017702	
ООО "КОМПЛЕКТО"	Поставщики	Юридическое лицо	5038165730	Досье_КОМПЛЕКТО ООО.pdf
ООО "КОМУС"	Поставщики	Юридическое лицо	7721793895	Досье_КОМУС ООО.pdf
ООО "КОНТЕЙНЕР ЛОГИСТИК"	Поставщики	Юридическое лицо	6678069554	
ООО "КОНЦЕПЦИЯ СВЯЗИ XXI ВЕК"		Юридическое лицо	7701228535	
ООО "Копимастер"	Поставщики	Юридическое лицо	7721282097	
ООО "КОПИРКА24"	Поставщики	Юридическое лицо	9709058127	Досье_КОПИРКА24 ООО.pdf
ООО "КОРТЕКС"		Юридическое лицо	5027237782	
ООО "КОСТИС"		Юридическое лицо	7723897811	
ООО "КПМ ТРЕЙД"	Поставщики	Юридическое лицо	7726659371	
ООО "КРАНСНАБ"	Поставщики	Юридическое лицо	7730167630	
ООО "КРЕП-КОМП"	Поставщики	Юридическое лицо	7726517049	Досье_КРЕП-КОМП.pdf
ООО "Крепиз"		Юридическое лицо	7724894806	
ООО "КРИОН"		Юридическое лицо	6452121731	
ООО "КРИПТО-ПРО"		Юридическое лицо	7717107991	
ООО "КРИСТАЛ ИНДАСТРИАЛ"	Покупатели	Юридическое лицо	7728444974	
ООО "Крона Инвестментс"	Покупатели	Юридическое лицо	7705406806	
ООО "Кронар"		Юридическое лицо	7718979307	
ООО "КСК ЭКВИНАР"	Покупатели	Юридическое лицо	5030096468	Досье_КСК ЭКВИНАР ООО.pdf
ООО "КУНЦЕВО АТ"	Поставщики	Юридическое лицо	5032271860	
ООО "Курьерпост"	Поставщики	Юридическое лицо	7715874585	
ООО "ЛАБИРИНТ"	Поставщики	Юридическое лицо	7720446151	Досье_ЛАБИРИНТ ООО.pdf
ООО "Лабораторная Диагностика"		Юридическое лицо	7701414115	
ООО "ЛАЙТУНГ"	Покупатели	Юридическое лицо	7743903679	
ООО "ЛАНТА-КЛИМАТ"	Поставщики	Юридическое лицо	7726596322	
ООО "Ленпромавтоматика"		Юридическое лицо	7801235649	
ООО "ЛЕРУА МЕРЛЕН ВОСТОК"		Юридическое лицо		Досье_не исп ЛЕРУА МЕРЛЕН ВОСТОК ООО.pdf
ООО "ЛЕРУА МЕРЛЕН ВОСТОК"	Поставщики	Юридическое лицо	5029069967	Досье_ЛЕРУА МЕРЛЕН ВОСТОК ООО.pdf
ООО "ЛОГГИ"	Покупатели	Юридическое лицо	7721608366	
ООО "М-ИНВЕСТ"	Поставщики	Юридическое лицо	7743553167	
ООО "М-КРАН"		Юридическое лицо	7725753822	
ООО "МАГАЗИН 01"	Поставщики	Юридическое лицо	7718595621	Досье_МАГАЗИН 01 ООО.pdf
ООО "МАГЗНАК"	Поставщики	Юридическое лицо	9724035710	
ООО "МАГИМЭКС"		Юридическое лицо	7721206787	
ООО "Магнетик"		Юридическое лицо	7719464484	
ООО "МАКСТРЕЙД"	Поставщики	Юридическое лицо	7713471654	Досье_МАКСТРЕЙД ООО.pdf
ООО "МАРК-ТРЕЙДИНГ"		Юридическое лицо	7726407254	Досье_МАРК-ТРЕЙДИНГ ООО.pdf
ООО "МАСТ"	Поставщики	Юридическое лицо	5027050696	Досье_МАСТ ООО.pdf
ООО "МАХРОВ"	Поставщики	Юридическое лицо	9718104161	
ООО "МВМ"	Поставщики	Юридическое лицо	7707548740	
ООО "МГУЛАБ"	Поставщики	Юридическое лицо	7716795103	
ООО "МД"	Покупатели	Юридическое лицо	7713654778	
ООО "МЕГАБИТ"		Юридическое лицо	5053038991	
ООО "МЕГАПОЛИС"		Юридическое лицо	7733222550	
ООО "МЕГАСТРОЙ"		Юридическое лицо	7717786969	
ООО "МегаСтрой"		Юридическое лицо	7733313529	
ООО "Медэкс Энерго"		Юридическое лицо	7730582185	
ООО "МЕРКУРИЙ"	Поставщики	Юридическое лицо	9725027285	
ООО "МЕТАЛЛ СТАЛЬ"	Поставщики	Юридическое лицо	9715283681	Досье_МЕТАЛЛ СТАЛЬ ООО.pdf
ООО "Металл-ДК"	Поставщики	Юридическое лицо	7728307907	
ООО "МЕТАЛЛОЦЕНТР СИБИРИ"	Поставщики	Юридическое лицо	5404033434	
ООО "МЕТАЛЛСЕРВИС-МОСКВА"	Поставщики	Юридическое лицо	7721562305	Досье_МЕТАЛЛСЕРВИС-МОСКВА ООО.pdf
ООО "Метатрон"	Поставщики	Юридическое лицо	7702807550	
ООО "МЕТАФЛЕКС"	Поставщики	Юридическое лицо	7723493897	Досье_МЕТАФЛЕКС ООО.pdf
ООО "МЕТРЕАЛ"		Юридическое лицо	9718136653	
ООО "МЕТРО Кэш энд Керри"		Юридическое лицо	7704218694	
ООО "МИГ-МИГОМ"	Поставщики	Юридическое лицо	7727417167	
ООО "МИКРО-ЧИП"	Поставщики	Юридическое лицо	7707239815	
ООО "Микролит"		Юридическое лицо	7735122689	
ООО "МИКС БАЙ"		Юридическое лицо	5044110521	
ООО "МиксПромо"	Поставщики	Юридическое лицо	7724879903	
ООО "МИЛ"	Поставщики	Юридическое лицо	4312145457	
ООО "МИЛЛДОМ"		Юридическое лицо	7708820758	
ООО "МИНИМЕД"	Поставщики	Юридическое лицо	3234007127	
ООО "МИСТРАЛЬ ТРЕЙДИНГ"	Покупатели	Юридическое лицо	7729569817	Досье_МИСТРАЛЬ ТРЕЙДИНГ ООО.pdf
ООО "МКРЗ"	Поставщики	Юридическое лицо	7724460051	Досье_МКРЗ ООО.pdf
ООО "МЛК"		Юридическое лицо	6684031566	
ООО "Много Плитки"		Юридическое лицо	7733617654	
ООО "Море Вышивки"		Юридическое лицо	7718893057	
ООО "МОСКЛАПАН"		Юридическое лицо	7709959390	
ООО "МОСМОНОЛИТСТРОЙ"	Покупатели	Юридическое лицо	7805733853	Досье_МОСМОНОЛИТСТРОЙ ООО.pdf
ООО "МПО ИНКОМОС"	Поставщики	Юридическое лицо	5048049229	
ООО "МПТ-Пластик"		Юридическое лицо	7730551660	
ООО "МСМ № 7"	Поставщики	Юридическое лицо	7718998123	
ООО "МТА"	Поставщики	Юридическое лицо	9725031570	Досье_МТА ООО.pdf
ООО "МТД ПРОЕКТ"	Поставщики	Юридическое лицо	7720663075	Досье_МТД ПРОЕКТ ООО.pdf
ООО "МФК ТЕХЭНЕРГО"		Юридическое лицо	7715215141	
ООО "МЭ"		Юридическое лицо	7720391390	
ООО "МЭЙДЖОР ЭКСПРЕСС"	Поставщики	Юридическое лицо	7743505170	
ООО "МЭЙДЖОРСЕРВИСМ"	Поставщики	Юридическое лицо	7733774262	
ООО "Нарпромразвитие"	Покупатели	Юридическое лицо	5030053753	
ООО "НАСОСЫ АМПИКА"	Поставщики	Юридическое лицо	7721638498	Досье_НАСОСЫ АМПИКА ООО.pdf
ООО "НГС ГРУПП"	Поставщики	Юридическое лицо	9701103890	
ООО "НДТ РУС"	Поставщики	Юридическое лицо	7203349350	
ООО "НЕВАСЕРТ"	Поставщики	Юридическое лицо	7801531687	Досье_НЕВАСЕРТ ООО.pdf
ООО "НЕГАБАРИТ 12"	Поставщики	Юридическое лицо	1215207230	
ООО "Независимая Телекоммуникационная Компания"		Юридическое лицо	7703729375	
ООО "Нержавеющий партнер"		Юридическое лицо	7728342820	
ООО "НИЕНШАНЦ-АВТОМАТИКА"	Поставщики	Юридическое лицо	7811076476	Досье_НИЕНШАНЦ-АВТОМАТИКА ООО.pdf
ООО "НИКА"		Юридическое лицо	3702745017	
ООО "НИКС Компьютерный Супермаркет"		Юридическое лицо	5008040124	
ООО "НИМЭЙД ЭЛЕКТРИК"		Юридическое лицо	7743519582	
ООО "НОВА-ТЕХ"	Поставщики	Юридическое лицо	9729128453	Досье_НОВА-ТЕХ ООО.pdf
ООО "Новатех"	Поставщики	Юридическое лицо	7725748332	
ООО "НОВОСИСТЕМ"	Поставщики	Юридическое лицо	7710311878	
ООО "Новые Технологии"		Юридическое лицо	1656069657	
ООО "НПО "Стрим"		Юридическое лицо	7734628874	
ООО "НПО ЭЛЕКТРОСНАБ"	Поставщики	Юридическое лицо	9719003952	
ООО "НПП ОВЕН-УРАЛ"		Юридическое лицо	6661080581	
ООО "НПФ "Валькар Ко"		Юридическое лицо	7714023535	
ООО "НСМ ГРУПП КОМПАНИ"	Поставщики	Юридическое лицо	9717090325	Досье_НСМ ГРУПП КОМПАНИ ООО.pdf
ООО "НТД СЕРТИФИКАЦИЯ"		Юридическое лицо	3015111975	
ООО "НЭО-Электро"		Юридическое лицо	7716686143	
ООО "ОБОГРЕВ ЛЮКС"	Поставщики	Юридическое лицо	7802783870	Досье_ОБОГРЕВ ЛЮКС ООО.pdf
ООО "ОВЕН СПБ"		Юридическое лицо	7806447654	
ООО "ОВЕНКОМПЛЕКТАВТОМАТИКА"	Поставщики	Юридическое лицо	7721554174	
ООО "Одинцовские Окна"		Юридическое лицо	5032051590	
ООО "Оксар"		Юридическое лицо	5018158301	
ООО "ОКТАНТ"	Поставщики	Юридическое лицо	7722500823	
ООО "ОЛДИ 3"		Юридическое лицо	7723163592	
ООО "Олмакс"	Покупатели	Юридическое лицо	7729676248	
ООО "ОЛЬГИНО"	Поставщики	Юридическое лицо	9715397520	
ООО "ОНЛАЙН ТРЕЙД"	Поставщики	Юридическое лицо	7735092378	Досье_ОНЛАЙН ТРЕЙД ООО.pdf
ООО "ОПАЛУБКА-ДОМСТРОЙ"	Поставщики	Юридическое лицо	9718158505	
ООО "ОРЕХСПЕЦТЕХ"	Поставщики	Юридическое лицо	9721111401	
ООО "Орион Профмет"	Поставщики	Юридическое лицо	7820047182	
ООО "Открытые Технологии"	Поставщики	Юридическое лицо	7727548561	
ООО "Офси"		Юридическое лицо	5047123720	
ООО "ПАЙП-ПРАЙС"	Поставщики	Юридическое лицо	5029237192	
ООО "ПАЛЛАДИЙ"	Поставщики	Юридическое лицо	7719012008	Досье_ПАЛЛАДИЙ ООО.pdf
ООО "ПАРАДИГМА"		Юридическое лицо	7701069959	
ООО "ПАРАЛЛЕЛЬ"	Поставщики	Юридическое лицо	9715352945	
ООО "ПАРК-ОТЕЛЬ "ЛАЗУРНЫЙ БЕРЕГ НА ОКЕ"		Юридическое лицо	4018011410	
ООО "ПАРТНЕР ИНТ"	Поставщики	Юридическое лицо	7810811592	
ООО "ПАРТНЕР-ТАРА"	Поставщики	Юридическое лицо	2224135061	Досье_ПАРТНЕР-ТАРА ООО.pdf
ООО "ПАРТНЁР"	Поставщики	Юридическое лицо	7714347836	
ООО "ПАСКАЛЬ-ТРЕЙД КОМПАНИ"	Поставщики	Юридическое лицо	7816344383	
ООО "ПАТЕКСТРОЙ"	Поставщики	Юридическое лицо	9715452957	Досье_ПАТЕКСТРОЙ ООО.pdf
ООО "ПАТЕКСТРОЙАРСЕНАЛ МГ"	Поставщики	Юридическое лицо	7710230033	
ООО "ПАТЕКТЕЛЕКОМ"	Поставщики	Юридическое лицо	7715955210	
ООО "ПВХ ФИТИНГ"	Поставщики	Юридическое лицо	5027291123	Досье_ПВХ ФИТИНГ ООО.pdf
ООО "ПД ТЕХНОЛОГИИ"		Юридическое лицо	5074072785	Досье_не исп ПД ТЕХНОЛОГИИ ООО.pdf
ООО "ПД ТЕХНОЛОГИИ"	Покупатели	Юридическое лицо	5074072785	Досье_ПД ТЕХНОЛОГИИ ООО.pdf
ООО "Первая Экспедиционная Компания"		Юридическое лицо	7721823853	
ООО "ПИК-УК"	Покупатели	Юридическое лицо	7703465010	Досье_ПИК-УК ООО.pdf
ООО "ПК "ОЧАКОВСКИЙ КОМБИНАТ ЖБИ"	Поставщики	Юридическое лицо	9729277832	
ООО "ПК МЕТАЛЛГРАНД"		Юридическое лицо	7728433041	
ООО "ПКП "Энергопласт"		Юридическое лицо	7718825113	
ООО "ПЛАСТ-ПРЕМИУМ ПЛЮС"	Поставщики	Юридическое лицо	6829114201	
ООО "Пластик-Север"	Поставщики	Юридическое лицо	7713662793	
ООО "ПЛАСТИНСТРУМЕНТ"	Поставщики	Юридическое лицо	7719619868	
ООО "ПластТермо"	Поставщики	Юридическое лицо	7721580600	
ООО "ПЛАСТТРУБКОМПЛЕКТ"	Поставщики	Юридическое лицо	5404324708	
ООО "ПЛТ-3"		Юридическое лицо	7703443351	
ООО "ПМРК"	Поставщики	Юридическое лицо	9715401230	Досье_ПМРК ООО.pdf
ООО "ПНП СИГНУР"	Поставщики	Юридическое лицо	7707254500	Досье_ПНП СИГНУР ООО.pdf
ООО "ПО Москлапан"		Юридическое лицо	9709002974	
ООО "Полекс Ротомолд"	Поставщики	Юридическое лицо	5248034893	
ООО "ПОЛИ-СЕРВИС"	Поставщики	Юридическое лицо	9705105224	Досье_ПОЛИ-СЕРВИС ООО.pdf
ООО "ПОЛИМЕР-ГРУПП"	Поставщики	Юридическое лицо	5032264742	
ООО "ПОЛИМЕРНЫЕ СИСТЕМЫ"	Поставщики	Юридическое лицо	1660341344	Досье_ПОЛИМЕРНЫЕ СИСТЕМЫ ООО.pdf
ООО "ПОЛИМЕРСЕРВИС"	Поставщики	Юридическое лицо	7713407828	Досье_ПОЛИМЕРСЕРВИС ООО.pdf
ООО "ПОЛИПЛАСТИК Центр"		Юридическое лицо	7728522157	
ООО "ПОЛИТЭК ПАЙП"		Юридическое лицо	7703562060	
ООО "ПОРТАЛ"	Поставщики	Юридическое лицо	7731465565	
ООО "ПОСЕЙДОН"	Поставщики	Юридическое лицо	9718142583	
ООО "ППР"	Поставщики	Юридическое лицо	7743036465	Досье_ППР ООО.pdf
ООО "ПРЕДПРИЯТИЕ "ТАЭН"	Поставщики	Юридическое лицо	6670094580	Досье_ПРЕДПРИЯТИЕ ТАЭН ООО.pdf
ООО "Премиум Сервис"		Юридическое лицо	7705915842	
ООО "Приборика"		Юридическое лицо	5408223796	
ООО "ПРИОРИТЕТ"		Юридическое лицо	7701711164	
ООО "ПроВак"		Юридическое лицо	9718119464	
ООО "ПРОДАКШН"	Покупатели	Юридическое лицо	5048046436	Досье_ПРОДАКШН ООО.pdf
ООО "ПРОЕКТ КГ"	Покупатели	Юридическое лицо	4808000778	
ООО "ПРОЕКТ-ДЕВЕЛОПМЕНТ"	Покупатели	Юридическое лицо	6685042560	Досье_ПРОЕКТ-ДЕВЕЛОПМЕНТ ООО.pdf
ООО "ПРОЕКТ-СТРОЙ"	Покупатели	Юридическое лицо	5027302304	Досье_ПРОЕКТ-СТРОЙ ООО.pdf
ООО "Производственная компания "Тера"	Поставщики	Юридическое лицо	6658412565	
ООО "Производственное Объединение ЭКОТЕХ"		Юридическое лицо	7729486720	
ООО "ПРОК РИТЕЙЛ"	Поставщики	Юридическое лицо	5001092966	
ООО "ПРОКСИМА"	Поставщики	Юридическое лицо	9729311730	Досье_ПРОКСИМА ООО.pdf
ООО "Промкомплект"	Поставщики	Юридическое лицо	7714354583	
ООО "ПРОМПОСТАВКА"	Поставщики	Юридическое лицо	5047176908	
ООО "ПРОМСИТЕХ"	Поставщики	Юридическое лицо	7713551476	Досье_ПРОМСИТЕХ ООО.pdf
ООО "ПРОМЫШЛЕННЫЕ ЖЕЛЕЗОБЕТОННЫЕ ИЗДЕЛИЯ"	Поставщики	Юридическое лицо	6732192206	
ООО "ПРОМЫШЛЕННЫЕ СИСТЕМЫ УФ-ОБЕЗЗАРАЖИВАНИЯ"	Поставщики	Юридическое лицо	4716036830	
ООО "Промэнерго Автоматика"		Юридическое лицо	7721756614	
ООО "ПРОПИТАЙ"	Поставщики	Юридическое лицо	9715326871	
ООО "ПРОСТОР"	Поставщики	Юридическое лицо	0278174507	Досье_ПРОСТОР ООО.pdf
ООО "Протос Экспертиза"	Поставщики	Юридическое лицо	7707594915	
ООО "ПРОФИС Недвижимость"	Поставщики	Юридическое лицо	7734585839	Досье_ПРОФИС Недвижимость.pdf
ООО "ПСК ТРИАДА"	Поставщики	Юридическое лицо	7703806855	Досье_ТРИАДА ПСК ООО.pdf
ООО "ПТИЦЕФАБРИКА "ЭЛИНАР-БРОЙЛЕР"	Покупатели	Юридическое лицо	5030084600	Досье_ПТИЦЕФАБРИКА ЭЛИНАР-БРОЙЛЕР ООО.pdf
ООО "ПТК ЖЕЛЕЗНЫЙ ФЕЛИКС"	Поставщики	Юридическое лицо	9718025840	Досье_ПТК ЖЕЛЕЗНЫЙ ФЕЛИКС ООО.pdf
ООО "ПТК"	Поставщики	Юридическое лицо	9718104732	
ООО "ПТС"	Поставщики	Юридическое лицо	5402004519	
ООО "ПулМаркет"		Юридическое лицо	7723740810	
ООО "РАВВ-Конгресс"		Юридическое лицо	7736296977	
ООО "Радиан-Гео"		Юридическое лицо	7725690259	
ООО "РАДИОФИД СИСТЕМЫ"	Поставщики	Юридическое лицо	7802491148	Досье_РАДИОФИД СИСТЕМЫ ООО.pdf
ООО "РАЗУМНЫЙ ДОМ"	Поставщики	Юридическое лицо	7107086885	
ООО "Рассвет"		Юридическое лицо	7720805139	
ООО "РБК-СТРОЙИНВЕСТ"	Поставщики	Юридическое лицо	7751175409	
ООО "РДВ-СОФТ"	Поставщики	Юридическое лицо	7709969870	
ООО "РеалПрофГрупп"	Покупатели	Юридическое лицо	7728760232	
ООО "РЕБАЙ"	Поставщики	Юридическое лицо	7723732150	Досье_РЕБАЙ ООО.pdf
ООО "Регистратор доменных имен РЕГ.РУ"		Юридическое лицо	7733568767	
ООО "РЕЛЕ И АВТОМАТИКА"	Поставщики	Юридическое лицо	7720772420	Досье_РЕЛЕ И АВТОМАТИКА ООО.pdf
ООО "РЕЛКС"		Юридическое лицо	7705721043	
ООО "РЕМТЕХСЕРВИС"	Поставщики	Юридическое лицо	5040095946	
ООО "РЕПУТАЦИЯ"	Поставщики	Юридическое лицо	3329047343	
ООО "реСтор"	Поставщики	Юридическое лицо	7709678550	
ООО "Ресурс Безопасности"		Юридическое лицо	7717296442	
ООО "РИДБЕРГ"	Поставщики	Юридическое лицо	7717798259	Досье_РИДБЕРГ ООО.pdf
ООО "РИО"	Покупатели	Юридическое лицо	7720324330	Досье_РИО ООО.pdf
ООО "РИОТЭК"	Поставщики	Юридическое лицо	7805031244	
ООО "РОГНЕДА-ТРЕЙД"	Поставщики	Юридическое лицо	7720600646	
ООО "РОДНИК"	Поставщики	Юридическое лицо	9718012295	Досье_РОДНИК ООО.pdf
ООО "РОЗМЕТ"	Поставщики	Юридическое лицо	5003099533	Досье_РОЗМЕТ ООО.pdf
ООО "РОЛЬФ", Филиал "Центр"		Юридическое лицо	5047059383	
ООО "РТ ЭЛЕКТРО"	Поставщики	Юридическое лицо	5047168752	Досье_РТ ЭЛЕКТРО ООО.pdf
ООО "РТИ ЭКСПРЕСС"	Поставщики	Юридическое лицо	7805508618	
ООО "РТР-Авто"		Юридическое лицо	5024183994	
ООО "РУСАВТОМАТИКА"	Поставщики	Юридическое лицо	7801325780	
ООО "РусВент МСК"		Юридическое лицо	7733753061	
ООО "САБЛАЙН СЕРВИС"	Поставщики	Юридическое лицо	7721218278	
ООО "САМ - МБ"	Поставщики	Юридическое лицо	5001048893	
ООО "САНТЕХКОМПЛЕКТ"	Поставщики	Юридическое лицо	7736192449	Досье_САНТЕХКОМПЛЕКТ ООО.pdf
ООО "САНТЕХНИКА"		Юридическое лицо	5404513825	
ООО "САНТЕХОПТТОРГ"	Поставщики	Юридическое лицо	7721199762	
ООО "САРМАТ"		Юридическое лицо	5007097801	
ООО "САТУРН ЦЕНТР"	Поставщики	Юридическое лицо	9717052425	
ООО "САФОНОВСКИЙ ЗАВОД ЖБК"	Поставщики	Юридическое лицо	6726025574	Досье_САФОНОВСКИЙ ЗАВОД ЖБК ООО.pdf
ООО "СБМ-ГРУПП"		Юридическое лицо	7734549220	Досье_ООО СБМ-ГРУПП.pdf
ООО "СВАРБИ"	Поставщики	Юридическое лицо	7726307154	Досье_СВАРБИ ООО.pdf
ООО "СВАРОЧНЫЕ ТЕХНОЛОГИИ"	Поставщики	Юридическое лицо	7743947813	Досье_СВАРОЧНЫЕ ТЕХНОЛОГИИ ООО.pdf
ООО "Светосила Рус"		Юридическое лицо	7705941105	
ООО "СВЯЗЬГАРАНТ"	Поставщики	Юридическое лицо	7713461857	
ООО "Сделай Своими Руками"		Юридическое лицо	5003042456	
ООО "СДЭК-ГЛОБАЛ"	Поставщики	Юридическое лицо	7722327689	
ООО "СДЭК-МСК"	Поставщики	Юридическое лицо	7722666748	
ООО "СЕЗОН"	Поставщики	Юридическое лицо	5050137497	
ООО "СЕКРЕТАРЬ-БИЗНЕС"	Поставщики	Юридическое лицо	7718917068	Досье_СЕКРЕТАРЬ-БИЗНЕС ООО.pdf
ООО "СЕКЬЮР-МАРКЕТ"	Поставщики	Юридическое лицо	7727307291	
ООО "Сервис Катализаторных Систем"		Юридическое лицо	6922005623	
ООО "СЕРКОНС"		Юридическое лицо	7737517770	
ООО "СЕРТИФИКАТ РБ"	Поставщики	Юридическое лицо	0276934618	Досье_СЕРТИФИКАТ РБ ООО.pdf
ООО "СЕРТТЕСТ"	Поставщики	Юридическое лицо	7811752886	
ООО "СЕРТУМ-ПРО"	Поставщики	Юридическое лицо	6673240328	Досье_СЕРТУМ-ПРО ООО.pdf
ООО "СЕТКА АЛЬКОР"	Поставщики	Юридическое лицо	5047162790	Досье_СЕТКА АЛЬКОР ООО.pdf
ООО "СЗ "САМОЛЕТ-ИСТРА"	Покупатели	Юридическое лицо	5027307581	Досье_СЗ САМОЛЕТ-ИСТРА ООО.pdf
ООО "СЗ "САМОЛЕТ-ПУШКИНО"	Покупатели	Юридическое лицо	5027307574	Досье_СЗ САМОЛЕТ-ПУШКИНО ООО.pdf
ООО "СИГНУР - ПРИБОРЫ"	Поставщики	Юридическое лицо	9723033710	Досье_СИГНУР - ПРИБОРЫ ООО.pdf
ООО "СИЛАРТ"	Поставщики	Юридическое лицо	9718121745	Досье_СИЛАРТ ООО.pdf
ООО "СинСтрой"		Юридическое лицо	7722760853	
ООО "СИРИУС ТД"	Поставщики	Юридическое лицо	7706804824	Досье_СИРИУС ТД ООО.pdf
ООО "СИРИУС ШОП"	Поставщики	Юридическое лицо	7729790991	
ООО "Сириус"		Юридическое лицо	5402041790	
ООО "СИСТЕМЫ И ТЕХНОЛОГИИ"	Поставщики	Юридическое лицо	9705093459	Досье_СИСТЕМЫ И ТЕХНОЛОГИИ ООО.pdf
ООО "СИСТЕМЭЙР"	Покупатели	Юридическое лицо	7714824045	
ООО "СитиИнвестСтрой"		Юридическое лицо	7805547590	
ООО "Ситилинк"	Поставщики	Юридическое лицо	7718979307	
ООО "СИТИЛЭНД"		Юридическое лицо	7729457310	
ООО "СитиСтар"	Поставщики	Юридическое лицо	7722701093	
ООО "СитиТоп"		Юридическое лицо	7727505769	
ООО "СИТРАС"	Покупатели	Юридическое лицо	7708238412	
ООО "СИЭНПИ РУС"	Поставщики	Юридическое лицо	7733256341	Досье_СИЭНПИ РУС ООО.pdf
ООО "СК СТРОЙГРУПП"	Поставщики	Юридическое лицо	7713501411	
ООО "СКАЙПРОМ"	Поставщики	Юридическое лицо	6679031137	
ООО "СкладТехРесурс"	Поставщики	Юридическое лицо	5050101490	
ООО "СМС"	Покупатели	Юридическое лицо	9705049837	Досье_СМС ООО.pdf
ООО "СМТ ГРУПП"	Поставщики	Юридическое лицо	5403072840	Досье_СМТ ГРУПП ООО.pdf
ООО "СОЛАР СТАФФ РУС"	Поставщики	Юридическое лицо	7733228841	Досье_СОЛАР СТАФФ РУС ООО.pdf
ООО "СОЛО"		Юридическое лицо	7720380768	
ООО "СОФТФОСЭИЛ"	Поставщики	Юридическое лицо	6658495836	
ООО "СОЮЗ-ПРИБОР"	Поставщики	Юридическое лицо	1657012967	Досье_СОЮЗ-ПРИБОР ООО.pdf
ООО "СПАРК"	Поставщики	Юридическое лицо	7805764851	
ООО "СПЕЦИАЛИЗИРОВАННЫЙ ЗАСТРОЙЩИК "КАТУАР ДЕВЕЛОПМЕНТ"	Покупатели	Юридическое лицо	5029165879	Досье_СПЕЦИАЛИЗИРОВАННЫЙ ЗАСТРОЙЩИК КАТУАР ДЕВЕЛОПМЕНТ ООО.pdf
ООО "СПЕЦИАЛИЗИРОВАННЫЙ ЗАСТРОЙЩИК ЗЕМЕЛЬНЫЕ АКТИВЫ"	Поставщики	Юридическое лицо	7714937440	
ООО "Специализированный пожарный сервис"		Юридическое лицо	7713784336	
ООО "СПЕЦКОНТЕЙНЕР"	Поставщики	Юридическое лицо	7713476885	Досье_СПЕЦКОНТЕЙНЕР ООО.pdf
ООО "Спецмонтаж 71"		Юридическое лицо	7724598998	
ООО "СПЕЦПРИНТЕР"	Поставщики	Юридическое лицо	5012081275	
ООО "СПЕЦСТРОЙ"	Поставщики	Юридическое лицо	9704102485	Досье_СПЕЦСТРОЙ ООО.pdf
ООО "СПЕЦТЕХСТРОЙ"	Поставщики	Юридическое лицо	5012084533	Досье_СПЕЦТЕХСТРОЙ ООО.pdf
ООО "СПИЛЦ СП"		Юридическое лицо	7842023650	
ООО "СПК"	Поставщики	Юридическое лицо	5032222911	
ООО "СПК"	Поставщики	Юридическое лицо	7734709330	
ООО "СПОРТФОЮ"	Поставщики	Юридическое лицо	9725021967	
ООО "СПУТНИК АВТО"	Поставщики	Юридическое лицо	9701117959	
ООО "СРЕДНЕВОЛЖСКИЙ МАШИНОСТРОИТЕЛЬНЫЙ ЗАВОД ТВХ"	Поставщики	Юридическое лицо	6311155880	
ООО "СТД "ПЕТРОВИЧ"	Поставщики	Юридическое лицо	7802348846	Досье_СТД ПЕТРОВИЧ ООО.pdf
ООО "СТИ"	Покупатели	Юридическое лицо	9702010905	Досье_СТИ ООО.pdf
ООО "Строительный крепеж"		Юридическое лицо	4025447207	
ООО "Строительный Торговый Дом "Петрович"	Поставщики	Юридическое лицо	7802348846	
ООО "СТРОЙ КРАН"	Поставщики	Юридическое лицо	7736270055	Досье_СТРОЙ КРАН ООО.pdf
ООО "СТРОЙ СТАНДАРТ МСК"	Поставщики	Юридическое лицо	7714935838	
ООО "СТРОЙ-ВЕРСИЯ"	Поставщики	Юридическое лицо	7722807290	Досье_СТРОЙ-ВЕРСИЯ ООО.pdf
ООО "Строй-Новация"	Поставщики	Юридическое лицо	5042086640	
ООО "СТРОЙ-ЭКСПЕРТ"	Поставщики	Юридическое лицо	5001111231	
ООО "СТРОЙГАРАНТ"	Поставщики	Юридическое лицо	9718000821	
ООО "СТРОЙКОМ15"	Поставщики	Юридическое лицо	7735605541	
ООО "СТРОЙМЕХАНИЗАЦИЯ"	Покупатели	Юридическое лицо	7448072709	
ООО "СтройНастил"		Юридическое лицо	7704343487	
ООО "СТРОЙПОСТАВКА"		Юридическое лицо	5009056896	
ООО "СТРОЙТЕХНОТРАНС"	Поставщики	Юридическое лицо	5009111988	
ООО "СТРОЙТРАНССНАБ"	Поставщики	Юридическое лицо	5022060274	
ООО "СТРОЙЭКОИНДУСТРИЯ"	Поставщики	Юридическое лицо	7724813236	Досье_СТРОЙЭКОИНДУСТРИЯ ООО.pdf
ООО "СТРОП-СТОР"	Поставщики	Юридическое лицо	5036168006	Досье_СТРОП-СТОР ООО.pdf
ООО "СуперДжоб"		Юридическое лицо	7702319337	
ООО "СФЕРА-2В"	Поставщики	Юридическое лицо	7707267266	Досье_СФЕРА-2В ООО.pdf
ООО "Т2 МОБАЙЛ"	Поставщики	Юридическое лицо	7743895280	Досье_Т2 МОБАЙЛ ООО.pdf
ООО "Такском"		Юридическое лицо	7704211201	
ООО "ТАНТАЛ-4"	Поставщики	Юридическое лицо	7716143010	Досье_ТАНТАЛ-4 ООО.pdf
ООО "ТД "ЭНЕРГОСОЮЗ"	Поставщики	Юридическое лицо	6678035474	Досье_ТД ЭНЕРГОСОЮЗ ООО.pdf
ООО "ТД ИПИС"	Поставщики	Юридическое лицо	9721012143	Досье_ИПИС ТД ООО.pdf
ООО "ТД Овен-К"	Поставщики	Юридическое лицо	7720358723	
ООО "ТД ОРИОН"	Покупатели	Юридическое лицо	5024101857	Досье_ОРИОН ТД ООО.pdf
ООО "ТД ТИНКО"	Поставщики	Юридическое лицо	7702680818	Досье_ТД ТИНКО ООО.pdf
ООО "ТД Электротехмонтаж"		Юридическое лицо	7804526950	
ООО "ТД-ВИК"	Покупатели	Юридическое лицо	5027233428	
ООО "ТД-Элтех"	Поставщики	Юридическое лицо	7733260154	
ООО "ТЕКСТИЛЬ-ПРИНТ"	Поставщики	Юридическое лицо	5074072633	
ООО "Телекоммуникационная компания "Титан"		Юридическое лицо	5045030332	
ООО "Телекоммуникационная Компания МАРОСНЕТ"		Юридическое лицо	7718571500	
ООО "Тендеры и закупки"	Поставщики	Юридическое лицо	7703756587	
ООО "ТЕПЛОЭНЕРГОСТРОЙ"	Поставщики	Юридическое лицо	7725425050	
ООО "Теплоэнергосфера"	Поставщики	Юридическое лицо	7720326457	
ООО "Термодар"	Поставщики	Юридическое лицо	7728486445	
ООО "ТЕХМО"	Поставщики	Юридическое лицо	9717101697	
ООО "ТЕХНО-ИНВЕСТ"		Юридическое лицо	7727371089	
ООО "ТЕХНОМИР"	Поставщики	Юридическое лицо	7729773330	Досье_ТЕХНОМИР ООО.pdf
ООО "ТЕХНОПОРТ"	Поставщики	Юридическое лицо	6659210314	
ООО "ТЕХСТРОЙ"	Поставщики	Юридическое лицо	9725057949	
ООО "Техстроймонтаж"		Юридическое лицо	7714844877	
ООО "ТИПОГРАФИЯ СИДИ-ПРИНТ"	Поставщики	Юридическое лицо	7716512877	
ООО "ТК "АКВО-Комплект		Юридическое лицо	2130100360	
ООО "ТК "БИКРА"	Поставщики	Юридическое лицо	7718275269	Досье_ТК БИКРА ООО.pdf
ООО "ТК "РЕШЕТИЛОВ И КО"	Поставщики	Юридическое лицо	7728655478	
ООО "ТК АЛЬФА АРС"	Поставщики	Юридическое лицо	9725081878	Досье_АЛЬФА АРС ТК ООО.pdf
ООО "ТК ИНЖИНИРИНГ"		Юридическое лицо	7719890429	Досье_ТК ИНЖИНИРИНГ.pdf
ООО "ТК ПРОЕКТ"		Юридическое лицо	9715319602	
ООО "ТК Электрика"		Юридическое лицо	6684004682	
ООО "ТОМОРУ"	Поставщики	Юридическое лицо	2543144866	Досье_ТОМОРУ ООО.pdf
ООО "ТоргИнвест"		Юридическое лицо	5053058927	
ООО "ТОРГМЕТСЕТ"	Поставщики	Юридическое лицо	9725052796	Досье_ТОРГМЕТСЕТ ООО.pdf
ООО "ТОРГОВЫЙ ДОМ СТАЛЬБАЗА"	Поставщики	Юридическое лицо	7716771712	
ООО "ТПК БЫТПРОМ"	Поставщики	Юридическое лицо	7716828020	Досье_БЫТПРОМ ТПК ООО.pdf
ООО "ТПК КАЛАКАН"	Поставщики	Юридическое лицо	5005055115	
ООО "ТРАНС ЛАЙН"	Поставщики	Юридическое лицо	5047160802	
ООО "Транс Лайн"	Поставщики	Юридическое лицо	7723442074	
ООО "ТРАНСПОРТСТРОЙ"	Поставщики	Юридическое лицо	7725398166	
ООО "ТРИА-СТРОЙ"	Поставщики	Юридическое лицо	7751171355	Досье_ТРИА-СТРОЙ ООО.pdf
ООО "ТРИАС ГРУПП"	Покупатели	Юридическое лицо	9729121867	Досье_ТРИАС ГРУПП ООО.pdf
ООО "ТСК ИМПЕРИЯ"		Юридическое лицо	7723636954	
ООО "ТУРОН"	Поставщики	Юридическое лицо	6659141460	
ООО "ТЭК"		Юридическое лицо	7718286895	
ООО "УМ 207"		Юридическое лицо	7820066354	
ООО "УМ 333"	Поставщики	Юридическое лицо	7728358108	
ООО "УНОКОР"	Поставщики	Юридическое лицо	5047211373	Досье_УНОКОР ООО.pdf
ООО "Управляющая компания "Реальные инвестиции" Д. У. Закрытый паевой инвестиционный фонд недвижимости "Краснопресненский"		Юридическое лицо	7703551413	
ООО "УралСпецГрупп"	Поставщики	Юридическое лицо	7415071844	
ООО "УСТ"		Юридическое лицо	6658445835	
ООО "УФ-ТЕХ"	Поставщики	Юридическое лицо	5042108090	
ООО "УчетОнлайн"	Поставщики	Юридическое лицо	7721643307	
ООО "ФАБРИКА ПЕЧАТИ"		Юридическое лицо	7708281224	
ООО "ФАВОРИТ-ЭЛЕКТРО"	Поставщики	Юридическое лицо	7701677700	Досье_ФАВОРИТ-ЭЛЕКТРО ООО.pdf
ООО "ФАКЕЛ-СПЕЦОДЕЖДА"	Поставщики	Юридическое лицо	9715277423	Досье_ФАКЕЛ-СПЕЦОДЕЖДА ООО.pdf
ООО "ФЕНИКС-ГРУПП"	Поставщики	Юридическое лицо	7715903388	Досье_ФЕНИКС-ГРУПП ООО.pdf
ООО "Феникс-К"		Юридическое лицо	7715534758	
ООО "Фильтрующие материалы"		Юридическое лицо	5036130531	
ООО "ФИТ-Л"	Поставщики	Юридическое лицо	7735186795	
ООО "ФЛАГМАН"	Проблемные поставщики	Юридическое лицо	9729129513	
ООО "ФОРИН"	Поставщики	Юридическое лицо	7719474468	
ООО "ФОРМГОСТ"	Поставщики	Юридическое лицо	5047153234	
ООО "ФОРТЕТРАНС"	Поставщики	Юридическое лицо	6164309649	Досье_ФОРТЕТРАНС ООО.pdf
ООО "ФОРТЭКС РУС"		Юридическое лицо	6713013733	
ООО "ХАБР"	Поставщики	Юридическое лицо	7705756279	
ООО "ХИМ-АКВА"	Поставщики	Юридическое лицо	7709976839	Досье_ХИМ-АКВА ООО.pdf
ООО "ХИММЕДСНАБ"		Юридическое лицо	5018187790	
ООО "ХИТ-МАСТЕР"		Юридическое лицо	7725372351	
ООО "ХОМУТИНФО ТРЕЙД"	Поставщики	Юридическое лицо	7734368513	
ООО "Хорошая Тара"		Юридическое лицо	6027192460	
ООО "Хэдхантер"		Юридическое лицо	7718620740	
ООО "ЦЕНТР ЛОГИСТИК"	Покупатели	Юридическое лицо	6658546086	Досье_ЦЕНТР ЛОГИСТИК ООО.pdf
ООО "Центр правового обеспечения природопользования"		Юридическое лицо	7702303619	
ООО "ЦЕНТРСТРОЙПОСТАВКА"	Поставщики	Юридическое лицо	9729288231	
ООО "ЦИН ПЛЮС"	Поставщики	Юридическое лицо	5027279180	Досье_ЦИН ПЛЮС ООО.pdf
ООО "ЦИФРОВОЙ АНГЕЛ"	Поставщики	Юридическое лицо	7743879024	
ООО "Цифровые технологии"		Юридическое лицо	1215039585	
ООО "ЦОТН"	Поставщики	Юридическое лицо	7716829024	Досье_ЦОТН ООО.pdf
ООО "ЦПУМЕМ"		Юридическое лицо	7718271835	
ООО "ШильдПанель"	Поставщики	Юридическое лицо	3329035362	
ООО "ЭВОЛ"		Юридическое лицо	6686069124	
ООО "ЭКО МАРКЕТ"		Юридическое лицо	7708290902	
ООО "ЭКО СЕРВИС"	Покупатели	Юридическое лицо	7801337880	
ООО "Эко Сервис"	Покупатели	Юридическое лицо	7825490380	
ООО "ЭКО-РТИ-Холдинг"		Юридическое лицо	5042110340	
ООО "ЭКОБЕТОН"	Поставщики	Юридическое лицо	5040157367	
ООО "ЭКОГРУНТЫ"	Поставщики	Юридическое лицо	7735151496	Досье_ЭКОГРУНТЫ ООО.pdf
ООО "ЭКОЛАНДШАФТ-XXI ВЕК"	Покупатели	Юридическое лицо	7715446075	Досье_ЭКОЛАНДШАФТ-XXI ВЕК ООО.pdf
ООО "ЭКОМОНИТОРИНГ"	Поставщики	Юридическое лицо	5042157034	Досье_ЭКОМОНИТОРИНГ ООО.pdf
ООО "ЭКОНКО"	Поставщики	Юридическое лицо	7717802829	
ООО "ЭКОПОЛЕМСК"	Поставщики	Юридическое лицо	9721093417	
ООО "ЭКОПРОФСЕРВИС"		Юридическое лицо	7716841832	
ООО "ЭКОСПЭЙС"		Юридическое лицо	7724718960	
ООО "Экостандарт"	Покупатели	Юридическое лицо	5040126680	
ООО "ЭкоСтар"		Юридическое лицо	7838035501	
ООО "ЭкоТест Групп"	Поставщики	Юридическое лицо	7842508662	
ООО "ЭКОТЕХАВАНГАРД+"	Поставщики	Юридическое лицо	7731315256	Досье_ЭКОТЕХАВАНГАРД+ ООО.pdf
ООО "ЭКОТРАНС АВТО"	Поставщики	Юридическое лицо	9701182066	
ООО "ЭКОТРАНС"	Поставщики	Юридическое лицо	7723443695	
ООО "ЭКОУСЛУГИ"		Юридическое лицо	5017111117	
ООО "ЭКС"	Поставщики	Юридическое лицо	7721801761	Досье_ЭКС ООО.pdf
ООО "ЭЛВИК плюс"		Юридическое лицо	5032071564	
ООО "ЭЛЕКТЕКС"	Поставщики	Юридическое лицо	7719464660	
ООО "Электрические технологии"		Юридическое лицо	6670167782	
ООО "ЭЛЕКТРОАВТОМАТИКА"	Поставщики	Юридическое лицо	1644064573	Досье_ЭЛЕКТРОАВТОМАТИКА ООО.pdf
ООО "Электролайт"		Юридическое лицо	5050098030	
ООО "ЭлектроМаркет-РЕ"		Юридическое лицо	7723449432	
ООО "ЭЛЕКТРОМЕХАНИКА"	Поставщики	Юридическое лицо	5027251434	Досье_ЭЛЕКТРОМЕХАНИКА ООО.pdf
ООО "ЭЛЕКТРОН"		Юридическое лицо	7720454931	
ООО "ЭЛЕКТРОН"	Поставщики	Юридическое лицо	7743254745	
ООО "ЭЛЕКТРОПОСТАВЩИК"	Поставщики	Юридическое лицо	9710008385	
ООО "ЭЛЕКТРОСВЕТ"		Юридическое лицо	7715434873	
ООО "ЭЛЕФАНТ"	Поставщики	Юридическое лицо	7806393705	Досье_ЭЛЕФАНТ ООО.pdf
ООО "ЭЛКОМ-ЭЛЕКТРО"	Поставщики	Юридическое лицо	7703214111	
ООО "ЭЛМА"	Поставщики	Юридическое лицо	7810148720	
ООО "ЭЛПРИМ"	Поставщики	Юридическое лицо	7716536684	
ООО "ЭЛПРОРУС"	Поставщики	Юридическое лицо	7728498169	
ООО "ЭЛРУС"	Поставщики	Юридическое лицо	7733272640	
ООО "ЭЛЦИНК ГРУПП"	Поставщики	Юридическое лицо	9731019733	
ООО "ЭЛЬБЕР"		Юридическое лицо	7718290010	
ООО "ЭЛЬСЕРВИСТРАК"		Юридическое лицо	5053046008	
ООО "ЭНЕРГО-СНАБ СПБ"	Поставщики	Юридическое лицо	7813231303	Досье_ЭНЕРГО-СНАБ СПБ ООО.pdf
ООО "ЭНЕРГОМОДУЛЬ"		Юридическое лицо	7842476234	
ООО "Энергомодуль"	Поставщики	Юридическое лицо	4716026720	
ООО "ЭНЕРГОСТАНДАРТ"	Поставщики	Юридическое лицо	7715664098	
ООО "ЭНЕРГОСТРОЙРЕСУРС"		Юридическое лицо	7734358089	
ООО "ЭНТЕРА"	Поставщики	Юридическое лицо	7801649294	
ООО "ЭНТО"		Юридическое лицо	7734659946	
ООО "ЭР Софт"	Поставщики	Юридическое лицо	7716509296	
ООО "ЭРСТВАК"	Поставщики	Юридическое лицо	7717740996	
ООО "ЭТК "БОРТЕК"	Поставщики	Юридическое лицо	7716682780	
ООО "ЭТС"	Поставщики	Юридическое лицо	5024138127	
ООО "ЭЦ Призма"		Юридическое лицо	3525316602	
ООО "ЮлКом"		Юридическое лицо	3019020013	
ООО "Юлплейс"		Юридическое лицо	7814689745	
ООО "ЮНИТ МОТОРС"	Поставщики	Юридическое лицо	5047144279	Досье_ЮНИТ МОТОРС ООО.pdf
ООО "Юниформ-М"		Юридическое лицо	7723397262	
ООО "ЮНСО"	Поставщики	Юридическое лицо	5040096386	
ООО "ЮР-ТРАНС"	Поставщики	Юридическое лицо	4025430242	Досье_ЮР-ТРАНС ООО.pdf
ООО "ЯНДЕКС.Облако"	Поставщики	Юридическое лицо	7704458262	
ООО "ЯНДЕКС.ТАКСИ"	Поставщики	Юридическое лицо	7704340310	
ООО "ЯНДЕКС"	Поставщики	Юридическое лицо	7736207543	
ООО "ЯНДЕКС"	Поставщики	Юридическое лицо	7736207543	Досье_ЯНДЕКС почта .pdf
ООО «АСИ ГРУПП»	Покупатели	Юридическое лицо	7716955999	Досье_АСИ ГРУПП ООО.pdf
ООО «БИОПРОЕКТ»	Покупатели	Юридическое лицо	5047210806	Досье_БИОПРОЕКТ ООО.pdf
ООО «МИДЛ-М»	Покупатели	Юридическое лицо	7719484339	
ООО «РПГ-РЕГИОН»	Покупатели	Юридическое лицо	7727392787	Досье_РПГ-РЕГИОН ООО.pdf
ООО «СЗ «САМОЛЕТ-ДМИТРОВ»	Покупатели	Юридическое лицо	7751199706	Досье_СЗ САМОЛЕТ-ДМИТРОВ ООО.pdf
ООО ГК "ВИК"	Покупатели	Юридическое лицо	5027226822	
ООО Компания "КЛАЙВ"		Юридическое лицо	7743088030	
ООО КСПТ "РАСТР"	Поставщики	Юридическое лицо	7717149737	
ООО НИПЦ "СТРОЙТЕХКОНТРОЛЬ"	Поставщики	Юридическое лицо	5029232099	
ООО НИЦ "ЭКОАНАЛИТИКА"	Поставщики	Юридическое лицо	6316168138	
ООО НКО ЮМани		Юридическое лицо	7750005725	
ООО НПК "ТЕХВОДПОЛИМЕР"	Покупатели	Юридическое лицо	6317108519	Досье_ТЕХВОДПОЛИМЕР ООО НПК.pdf
ООО НПП "ЭКСОРБ"	Поставщики	Юридическое лицо	6662018586	Досье_ЭКСОРБ ООО НПП.pdf
ООО ПК "ГЕОПРОМ"	Поставщики	Юридическое лицо	5047148763	
ООО ПКФ "ЗАВОД ПОЛИМЕРНЫХ ИЗДЕЛИЙ"	Поставщики	Юридическое лицо	6678096090	
ООО ПО "КЖБИ-17"	Поставщики	Юридическое лицо	9728014781	Досье_КЖБИ-17 ООО ПО.pdf
ООО ПО "ТРУБНОЕ РЕШЕНИЕ-НОВОСИБИРСК"	Поставщики	Юридическое лицо	5405043033	
ООО ПТК "БОРОДИНО-ПЛАСТ"	Поставщики	Юридическое лицо	5040142716	
ООО ТД "ИЛИОН"		Юридическое лицо	7811429019	
ООО Торговый Дом "Строй Дом"		Юридическое лицо	7702838967	
ООО УК "ТЕХНОПАРК "СЕЛЬЦО"	Покупатели	Юридическое лицо	5040137226	Досье_ООО УК "ТЕХНОПАРК "СЕЛЬЦО".pdf
ООО Фирма "ИНСТАР"	Покупатели	Юридическое лицо	7715027613	
ООО ЧОП "ХОНОР"	Поставщики	Юридическое лицо	7701814184	
ООО"ДЕЛОВЫЕ ЛИНИИ"	Поставщики	Юридическое лицо	7826156685	
ООО"ТЕКСТИЛЬТОРГ"	Поставщики	Юридическое лицо	3906958422	
ООО"ЮТАРА"	Поставщики	Юридическое лицо	9704043737	Досье_ЮТАРА ООО.pdf
ОСФР ПО Г. МОСКВЕ И МОСКОВСКОЙ ОБЛАСТИ	Государственные органы	Юридическое лицо	7703363868	Досье_ОСФР ПО Г. МОСКВЕ И МОСКОВСКОЙ ОБЛАСТИ.pdf
Отдел № 24 УФК по г. Москве (Центральный филиал ФГБУ "Главрыбвод" л/с 20736В12920)		Юридическое лицо	7708044880	
Отдел №19 Управления Федерального казначейства по Московской области (ГУ "Мособлводхоз", л/с20486Х86940)		Юридическое лицо	7708111624	
Отделение Фонда пенсионного и социального страхования Российской Федерации по г.Москве и Московской области	Государственные органы	Юридическое лицо	7703363868	
ОФ "Лучик Детства"		Юридическое лицо	7449071747	
Палермо		Юридическое лицо	7724341720	
ПАО "АЭРОФЛОТ"		Юридическое лицо	7712040126	
ПАО "БАНК УРАЛСИБ"		Юридическое лицо	0274062111	
ПАО "ГРУППА РЕНЕССАНС СТРАХОВАНИЕ"	Поставщики	Юридическое лицо	7725497022	Досье_ГРУППА РЕНЕССАНС СТРАХОВАНИЕ ПАО.pdf
ПАО "Московская объединенная электросетевая компания"		Юридическое лицо	5036065113	
ПАО "ПРОМСВЯЗЬБАНК" г. Москва		Юридическое лицо	7744000912	
ПАО АКБ "АВАНГАРД"		Юридическое лицо	7702021163	
ПАО БАНК "ФК ОТКРЫТИЕ"		Юридическое лицо	7706092528	
ПАО междугородной и международной связи "Ростелеком"	Поставщики	Юридическое лицо	7707049388	
ПАО СБЕРБАНК	Поставщики	Юридическое лицо	7707083893	Досье_ПАО СБЕРБАНК.pdf
Парикова Елена Вячеславовна	Поставщики	Физическое лицо	744612638923	
ПАРТНЁР		Юридическое лицо	5040065444	
Пасечник Максим Игоревич	Поставщики	Физическое лицо	410128547274	Досье_СЗ Пасечник Максим Игоревич.pdf
Пачи Демьян Николаевич	Поставщики	Физическое лицо	775101533470	Досье_СЗ Пачи Демьян Николаевич.pdf
Петров Дмитрий Владимирович	Поставщики	Физическое лицо	665800052241	
Позднякова Юлия Алексеевна	Поставщики	Физическое лицо	370243074021	
Пресненский машиностроительный завод		Юридическое лицо	7703108868	
ПРОЕКТНО-СТРОИТЕЛЬНОЕ ОБЪЕДИНЕНИЕ №13	Покупатели	Юридическое лицо	5017000079	
ПРОКОПОВ ИВАН ВЛАДИМИРОВИЧ		Физическое лицо		
ПРОФЭКСПЕРТ		Юридическое лицо	7707389313	
Публичное акционерное общество "Лизинговая компания "Европлан"	Поставщики	Юридическое лицо	9705101614	
РАСТАТУЕВ АЛЕКСАНДР ИВАНОВИЧ		Физическое лицо		
РемСтройНасос ООО		Юридическое лицо	7706308304	
Рециклен ООО		Юридическое лицо	7727181433	
РНКБ Банк (ПАО), г. Симферополь		Юридическое лицо	7701105460	
РТПТ		Юридическое лицо	7751505270	
Сапижук Руслан Анатольевич	Поставщики	Физическое лицо	770901058916	
СБЕРБАНК		Юридическое лицо		
Свет		Юридическое лицо	7702398875	
Светлов Олег Владимирович	Поставщики	Физическое лицо	671101088653	Досье_СЗ Светлов Олег Владимирович.pdf
Семенов Игорь Олегович		Физическое лицо	504218385769	
Семенов Игорь Олегович	Поставщики	Физическое лицо	504218385769	Досье_СЗ Семенов Игорь Олегович.pdf
Семирядов Александр Сергеевич	Поставщики	Физическое лицо	672211608787	Досье_СЗ Семирядов Александр Сергеевич.pdf
Серегин Алексей Валентинович		Физическое лицо	502937915910	
СЗ АЛЕКСАНДРОВ ЭДУАРД НИКОЛАЕВИЧ	Поставщики	Физическое лицо	602718203198	Досье_СЗ АЛЕКСАНДРОВ ЭДУАРД НИКОЛАЕВИЧ.pdf
СЗ Белоглазов Алексей Михайлович	Поставщики	Физическое лицо	222212792448	
СЗ Елисеев Михаил Анатольевич	Поставщики	Физическое лицо	501207667050	
СЗ ЗОЛОТАРЕВА ЕЛЕНА ВЯЧЕСЛАВОВНА	Поставщики	Физическое лицо		
СЗ Комнатный Владислав Андреевич	Поставщики	Физическое лицо	010515701130	
СЗ Левичев Евгений Владимирович	Поставщики	Физическое лицо	505014203290	Досье_СЗ Левичев Евгений Владимирович.pdf
СЗ Леонова Инна Евгеньевна	Поставщики	Физическое лицо	504215502668	
СЗ Ляхович Александр Витальевич	Поставщики	Физическое лицо	252202114185	Досье_СЗ Ляхович А.В. Самозанятый.pdf
СЗ Мартынов Николай Валерьевич	Поставщики	Физическое лицо		
СЗ Мурова Дарья Дмитриевна	Поставщики	Физическое лицо	772161763963	
СЗ Сардарян Андрей Яшарович	Поставщики	Физическое лицо		
СЗ Холоднов Вячеслав Вячеславович	Поставщики	Физическое лицо	263119140572	
СЗ Шараев Роман Иванович	Поставщики	Физическое лицо		
СИГМА		Юридическое лицо	7708270416	
Синица Инна Александровна		Физическое лицо		Досье_Синица Инна Александровна.pdf
СИСТЕМА ГРУЗОВИК		Юридическое лицо	7731314848	
СИСТЕМА-СЕРВИС (ООО)	Поставщики	Юридическое лицо	7701087034	Досье_СИСТЕМА-СЕРВИС (ООО).pdf
Сити Принт		Юридическое лицо	7702823304	
Служебный ИВЕА		Юридическое лицо		
Совместное предприятие "КРЭМОН"		Юридическое лицо	7701010049	
Спецтехстрой-11		Юридическое лицо	7723816611	
Стравнов Платон Анатольевич		Физическое лицо		
СТРОЙСПЕЦТЕХНИКА		Юридическое лицо	7710927882	
СтройТехМаш ООО		Юридическое лицо	7702832813	
СТРОЙТРАНСМОНОЛИТ		Юридическое лицо	7751516289	
Сырецких Евгений Викторович	Поставщики	Физическое лицо	503209841082	
Тарасова Марина Владимировна		Физическое лицо		
ТД "Энергоцентр"		Юридическое лицо	5027210156	
Точка ПАО Банка "ФК Открытие"		Юридическое лицо	7706092528	
ТСН "КАПИТОЛИЙ"	Покупатели	Юридическое лицо	7751010559	
ТЦ Комус		Юридическое лицо	7706202481	
Управление Федерального казначейства по г. Москве (ИФНС России №26 по г. Москве)		Юридическое лицо	7726062105	
Управление федерального казначейства по г. Москве (Управление ГИБДД ГУ МВД России по г. Москве, л/сч. № 04731440640)	Государственные органы	Юридическое лицо	7707089101	
УФК по г. Москве (филиал ФГБУ "ФКП Росреестра по Москве л/с 20736Ц09890)		Юридическое лицо	7705401340	
УФК по г.Москве (ОСП по Юго-Восточному АО УФССП России по Москве)		Юридическое лицо	7704270863	
УФК по Московской области (ФБУЗ "ЦГиЭ в Московской области" л/с 20486U62410)	Поставщики	Юридическое лицо	5029081629	
УФПС г. Москвы	Поставщики	Юридическое лицо	7724490000	
ФБУЗ "Центр гигиены и эпидемиологии в Калужской области"	Поставщики	Юридическое лицо	4028033349	
ФГБУ "Главрыбвод"	Поставщики	Юридическое лицо	7708044880	
ФГБУ "ЦЕНТРАЛЬНОЕ УГМС"	Поставщики	Юридическое лицо	7703782266	Досье_ЦЕНТРАЛЬНОЕ УГМС ФГБУ.pdf
Филиал 11 Государственного учреждения – Московского регионального отделения Фонда социального страхования Российской Федерации	Государственные органы	Юридическое лицо	7710030933	
Филиал 27 Государственного учреждения – Московского регионального отделения Фонда социального страхования Российской Федерации	Государственные органы	Юридическое лицо	7710030933	
Филиал 29 Государственного учреждения – Московского регионального отделения Фонда социального страхования Российской Федерации	Государственные органы	Юридическое лицо	7710030933	
ФИЛИАЛ № 7701 БАНКА ВТБ (ПАО)		Юридическое лицо	7702070139	
Филиал акционерного общества "Московская областная энергосетевая компания "Раменские электрические сети"		Юридическое лицо	5032137342	
Филиал АО "Мособлгаз "Мытищимежрайгаз"		Юридическое лицо	5032292612	
Филиал АО "Мособлгаз" "РАМЕНСКОЕМЕЖРАЙГАЗ"		Юридическое лицо	5032292612	
Филиал МУП ЩМР "Межрайонный Щелковский Водоканал"-"Водоканал Пушкинского района"		Юридическое лицо	5050025306	
ФИЛИАЛ ЦЕНТРАЛЬНЫЙ ПАО БАНКА "ФК ОТКРЫТИЕ"		Юридическое лицо	7706092528	
Фирма "ЭкоСвет		Юридическое лицо	2309095763	
ФОЛИАНТ		Юридическое лицо	7743204575	
Хухтамаки С.Н.Г. ООО	Покупатели	Юридическое лицо	7724000760	
Черкас Михаил Александрович	Поставщики	Физическое лицо	504203564109	
Чувильчиков Константин Андреевич	Поставщики	Физическое лицо	771919963236	Досье_СЗ Чувильчиков Константин Андреевич.pdf
Шитьков Константин Леонидович	Поставщики	Физическое лицо	772608156760	Досье_СЗ Шитьков Константин Леонидович.pdf
ЭГГО	Проблемные поставщики	Юридическое лицо	7726760195	
ЭкополеИнжиниринг		Юридическое лицо	7724406103	
Электрон-Трейд		Юридическое лицо	5262327281	
ЭЛЕКТРОЦЕНТР		Юридическое лицо	7724940033	
ЭНЕРГИЯ-СПЕЦОДЕЖДА		Юридическое лицо	9723031335	
ЭТАЛОНСТРОЙ	Проблемные поставщики	Юридическое лицо	7721489567	
Юнусов Рустам	Поставщики	Физическое лицо	770601598903	Досье_СЗ Юнусов Рустам.pdf
ЮРМАСТ		Юридическое лицо	7734195571	
ЮТАН		Юридическое лицо	7806222080	
Якимчук Максим Николаевич ИП		Физическое лицо	542407753071	
ЯрТехСервис		Юридическое лицо	7606059929	